,tweet_id,original_tweet_id,original_tweet_user,date_time,user_id,username,followers,friends,user_description,statuses,text,nr_likes,users_likes,nr_RT,entities
12,815119407185797120,,,2016-12-31 08:56:25,414136102,JanTerlouw,8290,54,jan terlouw,454,Klimaat (3): Op een gelijk speelveld vinden ondernemers met hun visie en verbeeldingskracht de goede oplossingen.,40,thomasvanbier;paulharts;YouBeDo;HSiksma;LiefstLiefde;PJKortes;MiriamterBraak;YvonnedeGraaf3;FietstaxiTburg;AJCvWijk;KarelBrits;IAmLeontien;MuplinOfficial;SopBrouwer;Klimaatzuster;WoltersKluwWABO;InnerGeniusGolf;JanFransNeels;BedrijfsadresNL;PacoHaffmans;thenewbuilders;suzanne_GL;secondhomemondi;fetsevis;ezwaart,70,"{'symbols': [], 'hashtags': [], 'user_mentions': [], 'urls': []}"
72,818361922735067137,,,2017-01-09 07:41:01,312081748,Klimaatplein,4871,92,In 5 stappen CO2-neutraal ondernemen. Besparen & opwekken van duurzame energie voor bedrijven om klimaatverandering tegen te gaan. Check http://t.co/luyGXZ86,8395,Brabantse bedrijven gezocht voor testcase CO2-beprijzing. Meld je gratis aan en wordt duurzame koploper!  https://t.co/RUwMh86zwZ,4,GrootscholteBV;granaatappel;franca_horst,11,"{'symbols': [], 'hashtags': [], 'user_mentions': [], 'urls': [{'url': 'https://t.co/RUwMh86zwZ', 'expanded_url': 'https://cards.twitter.com/cards/18ce53yrfdv/2ws2z', 'indices': [106, 129], 'display_url': 'cards.twitter.com/cards/18ce53yr‚Ä¶'}]}"
83,812586450822819840,,,2016-12-24 09:11:21,2808596993,AlfonsWispels,30101,28312,"Duurzame Pionier, oprichter PURE ENERGIE : 4 x op rij groenste energiemerk van Nederland. Gaat voor een leukere, betere, schone √©n veilige wereld!",7091,"Smelten ijs logisch gevolg na alle rekord warmtejaren, maar de #klimaat boodschap komt nog steeds niet over!‚Ä¶ https://t.co/8QKx7los2r",7,Dolphy25;PatrickBrouwer6;bikha_steven;PD1ANS;IngridRegelink;Matthijs85;vdborch,16,"{'symbols': [], 'hashtags': [{'indices': [63, 71], 'text': 'klimaat'}], 'user_mentions': [], 'urls': [{'url': 'https://t.co/8QKx7los2r', 'expanded_url': 'https://twitter.com/i/web/status/812586450822819840', 'indices': [110, 133], 'display_url': 'twitter.com/i/web/status/8‚Ä¶'}]}"
99,816792269378482176,,,2017-01-04 23:43:46,305489251,ZehnderGroupNed,536,1005,"In alles wat we doen, geloven wij in een gezond, comfortabel en energie-efficient binnenklimaat.",2179,Always the best climate? Kies voor de innovatieve Zehnder ComfoAir Q 1e modulerende ventilatie met #wtw. Vraag erna‚Ä¶ https://t.co/QaTvGwPIoe,0,[],1,"{'symbols': [], 'hashtags': [{'indices': [99, 103], 'text': 'wtw'}], 'user_mentions': [], 'urls': [{'url': 'https://t.co/QaTvGwPIoe', 'expanded_url': 'https://twitter.com/i/web/status/816792269378482176', 'indices': [117, 140], 'display_url': 'twitter.com/i/web/status/8‚Ä¶'}]}"
101,816565780649218048,,,2017-01-04 08:43:47,2243729996,ChrisWauman,57,92,"Liefhebbende echtgenoot van @DebbyBurssens en vader van Ernesto, IT ECM Architect @AGInsuranceBE, delegee @BBTK_ABVV, secretary EWC @AgeasGroup",590,"Milieubeleid #vlareg: bossen kappen, vasthouden BAM traject &amp; geld voor vervuilers @Climate_Express @BeterLeefmilieu https://t.co/f2Rs2YlK9q",2,amarinswijma;Climate_Express,3,"{'symbols': [], 'hashtags': [{'indices': [13, 20], 'text': 'vlareg'}], 'user_mentions': [{'id_str': '2786987447', 'screen_name': 'Climate_Express', 'id': 2786987447, 'name': 'Climate Express', 'indices': [87, 103]}, {'id_str': '560951807', 'screen_name': 'BeterLeefmilieu', 'id': 560951807, 'name': 'BondBeterLeefmilieu', 'indices': [104, 120]}], 'urls': [{'url': 'https://t.co/f2Rs2YlK9q', 'expanded_url': 'http://demorgen.be/s/ax83791ca/1vtzP1', 'indices': [121, 144], 'display_url': 'demorgen.be/s/ax83791ca/1v‚Ä¶'}]}"
104,816963460181307392,,,2017-01-05 11:04:02,548484301,CO2Adviseurs,1093,271,Het snelst groeiende (en leukste!) CO2 advies bureau van Nederland. Kom naar √©√©n van onze gratis seminars! https://t.co/GaOivJ1Fln,1448,Gratis seminar over de CO2-Prestatieladder niveau 3 op 10 januari. Heb jij je al aangemeld?! https://t.co/JXivMAmCBP https://t.co/00Pkoeapbb,2,GroeneZaken,4,"{'symbols': [], 'hashtags': [], 'user_mentions': [], 'media': [{'sizes': {'large': {'w': 856, 'resize': 'fit', 'h': 584}, 'thumb': {'w': 150, 'resize': 'crop', 'h': 150}, 'medium': {'w': 856, 'resize': 'fit', 'h': 584}, 'small': {'w': 680, 'resize': 'fit', 'h': 464}}, 'display_url': 'pic.twitter.com/00Pkoeapbb', 'indices': [117, 140], 'media_url': 'http://pbs.twimg.com/media/C1PgwKRXcAEeryJ.jpg', 'url': 'https://t.co/00Pkoeapbb', 'type': 'photo', 'id_str': '816243075479728129', 'expanded_url': 'https://twitter.com/CO2Adviseurs/status/816963460181307392/photo/1', 'media_url_https': 'https://pbs.twimg.com/media/C1PgwKRXcAEeryJ.jpg', 'id': 816243075479728129}], 'urls': [{'url': 'https://t.co/JXivMAmCBP', 'expanded_url': 'https://www.co2adviseurs.nl/seminars/co2-prestatieladder-niveau-3/', 'indices': [93, 116], 'display_url': 'co2adviseurs.nl/seminars/co2-p‚Ä¶'}]}"
108,803193224621854720,,,2016-11-28 11:06:02,7692762,steeph,4998,5179,Chief @Datagraver | Factchecker | Projectmanager: hoedt nerds en stuurt managers+stakeholders via https://t.co/FdIQM7bE6t | Blogger en datajournalist @Sargasso,50136,Even scores nogmaals op een rij van hoe goed de partijen hun best doen voor het klimaat i.d. verkiezingsprogramma's‚Ä¶ https://t.co/I063lGfsaD,147,DyanaLoehr;PLONSWoerden;Fambaxxx;demuzeblog;sandrataal;ArnhemsKlimaat;Koperlokje;ChristaRomp;tijdvooreten;whateverhewants;annalisaloves;zmooc;Omar_Larabi;happybandits;jjcverhorst;7eKamer;Thiesinger;ColindaBoender;Cosmopolitka;HGroenenberg;frankvanrest;HitsieZ;MijkeEnZo;TheoJans1;daze70,383,"{'symbols': [], 'hashtags': [], 'user_mentions': [], 'urls': [{'url': 'https://t.co/I063lGfsaD', 'expanded_url': 'https://twitter.com/i/web/status/803193224621854720', 'indices': [117, 140], 'display_url': 'twitter.com/i/web/status/8‚Ä¶'}]}"
114,816635970871316480,,,2017-01-04 13:22:42,823276134,JoyceHeijningen,844,1305,42 jr | Milieudefensie | @PvdDAmsterdam | AMVJ hockey | blij kindvrij | idealist | athe√Øst | postmaterialist | pragmatist | altru√Øst | eco√Øst,6058,"Onthoud dit!! ""#Armoede, ondervoeding en #honger zijn een gevolg van beleidskeuzes, niet van schaarste."" https://t.co/9dXYmcEpgV #klimaat",0,[],2,"{'symbols': [], 'hashtags': [{'indices': [15, 23], 'text': 'Armoede'}, {'indices': [41, 48], 'text': 'honger'}, {'indices': [129, 137], 'text': 'klimaat'}], 'user_mentions': [], 'urls': [{'url': 'https://t.co/9dXYmcEpgV', 'expanded_url': 'http://www.duurzaamnieuws.nl/waarom-we-met-planten-zowel-honger-als-klimaatproblemen-kunnen-oplossen/', 'indices': [105, 128], 'display_url': 'duurzaamnieuws.nl/waarom-we-met-‚Ä¶'}]}"
117,815935888542863360,,,2017-01-02 15:00:49,96745438,norbert1972,1115,2871,"Redacteur bij F&B in Hilversum voor @Ensoc magazine. Hou van mijn zoon Quinten en hard fietsen. Lid van @VWN, @Le_Champion en @ap_gen",11028,"Is wetenschap een mening? Nee, zegt hoogleraar filosofie Anthonie Meijers @filosofieblog https://t.co/NOAg7PaN1i (via @TUeindhoven) #klimaat",0,[],1,"{'symbols': [], 'hashtags': [{'indices': [132, 140], 'text': 'klimaat'}], 'user_mentions': [{'id_str': '2817160501', 'screen_name': 'filosofieblog', 'id': 2817160501, 'name': 'Bij Nader Inzien', 'indices': [74, 88]}, {'id_str': '15028114', 'screen_name': 'TUeindhoven', 'id': 15028114, 'name': 'TU Eindhoven', 'indices': [118, 130]}], 'urls': [{'url': 'https://t.co/NOAg7PaN1i', 'expanded_url': 'https://bijnaderinzien.org/2017/01/02/waarheid-en-leugen/', 'indices': [89, 112], 'display_url': 'bijnaderinzien.org/2017/01/02/waa‚Ä¶'}]}"
125,814810727550775296,,,2016-12-30 12:29:50,217037545,maartenhajer,6460,622,Prof. Urban Futures & Director @FuturesStudioUU @UniUtrecht. Member @UNEPIRP. Curated IABR‚Äì2016 Next Economy. Cities|Governance|Discourse|Futures|Sustainability,4482,Misleidende kop op @NOS - 'Weinig mensen zien klimaat als maatschappelijk probleem' - Ligt aan vraagstelling. üòè https://t.co/itzPx5xSMf,11,NVerdaasdonk;colette_bos;StefanPLJanssen;AartGoossens;JurriaanKnol;FritsvanderH;David_Evers_NL;CeesJanPen;marcelslagman1;Elkespauk;robzakee,18,"{'symbols': [], 'hashtags': [], 'user_mentions': [{'id_str': '7174972', 'screen_name': 'NOS', 'id': 7174972, 'name': 'NOS', 'indices': [19, 23]}], 'urls': [{'url': 'https://t.co/itzPx5xSMf', 'expanded_url': 'http://nos.nl/l/2150734', 'indices': [112, 135], 'display_url': 'nos.nl/l/2150734'}]}"
137,815876504777269248,,,2017-01-02 11:04:51,85373334,Boomfeestdag,4397,3235,Offici√´le twitter van Stichting Nationale Boomfeestdag. Wij planten samen met kinderen bomen op de jaarlijkse Boomfeestdag om CO2-vervuiling tegen te gaan.,3995,Dit jaar is het goede voornemen van de Boomfeestdag het planten van meer bomen. Wat is uw goede voornemen (voor een beter klimaat)? üå≥,5,BlijdeBIJ;genf_infra;TreesForAll;peter_gorcum;VermeulenGroen,12,"{'symbols': [], 'hashtags': [], 'user_mentions': [], 'urls': []}"
144,799607117149863936,,,2016-11-18 13:36:07,149592220,ankevanhal,1361,47,professor Sustainable Building at the Delft University of Technology and Nyenrode Business University,351,Focus op klimaat in plaats van energie en de bijvangst is woongeluk. Win-win-win. https://t.co/cMrfasZXS5 @HomeMates3s @happyrenovatie,4,Warmetruiendag;Klimaatzuster;jetske_thielen;RedjePakketje,10,"{'symbols': [], 'hashtags': [], 'user_mentions': [{'id_str': '4039624513', 'screen_name': 'HomeMates3s', 'id': 4039624513, 'name': 'HomeMates3s', 'indices': [106, 118]}], 'urls': [{'url': 'https://t.co/cMrfasZXS5', 'expanded_url': 'http://www.homemates.nl/blog/de-buurt-boost/', 'indices': [82, 105], 'display_url': 'homemates.nl/blog/de-buurt-‚Ä¶'}]}"
153,812218979297226756,,,2016-12-23 08:51:09,781124835749588992,ArnhemsKlimaat,147,351,Arnhem Klimaatbestendig informeert en inspireert Arnhemmers om de stad samen klimaatbestendiger te maken.,43,"Tip 7 van @hiltrudpotz: alle platte daken groen plus zonnecollectoren. Goed voor klimaat, opbrengst en biodiversite‚Ä¶ https://t.co/YntB9y7MEj",2,GroenArnhem;Gythav,5,"{'symbols': [], 'hashtags': [], 'user_mentions': [{'id_str': '307907689', 'screen_name': 'hiltrudpotz', 'id': 307907689, 'name': 'Hiltrud P√∂tz', 'indices': [10, 22]}], 'urls': [{'url': 'https://t.co/YntB9y7MEj', 'expanded_url': 'https://twitter.com/i/web/status/812218979297226756', 'indices': [117, 140], 'display_url': 'twitter.com/i/web/status/8‚Ä¶'}]}"
162,816956846753935360,,,2017-01-05 10:37:45,68834612,timdegier,5444,1540,2016 Harvard Nieman Fellow | Book Editor & Digital Liaison at NRC | Podcaster | Tech & Books & Wayward Politics,27489,Mijn vrienden combineren zorgen over klimaat moeiteloos met grootschalige inkoop tijdens de KLM werelddeal weken. https://t.co/3PM8JngBHD,28,mkampschreur;Mieuw;martieneraven;Victorfpak;CasperWolfert;obk;feikev;Zwoltopia;albertvanandel;heleenhoek;tas_china;BoekMichiel;DittevanDulmen;DoradoVitali;Buurtvader;r_helinski;AnneArdon;aybalaa;ThomasRueb;mrooduijn;coenroest;Smoeldriaan;rutger_;maarten_de_boer;home_alexandra,2,"{'symbols': [], 'hashtags': [], 'user_mentions': [], 'media': [{'sizes': {'large': {'w': 350, 'resize': 'fit', 'h': 262}, 'thumb': {'w': 150, 'resize': 'crop', 'h': 150}, 'medium': {'w': 350, 'resize': 'fit', 'h': 262}, 'small': {'w': 340, 'resize': 'fit', 'h': 255}}, 'display_url': 'pic.twitter.com/3PM8JngBHD', 'indices': [114, 137], 'media_url': 'http://pbs.twimg.com/tweet_video_thumb/C1ZpxmiXEAAEzNz.jpg', 'url': 'https://t.co/3PM8JngBHD', 'type': 'photo', 'id_str': '816956683293495296', 'expanded_url': 'https://twitter.com/timdegier/status/816956846753935360/photo/1', 'media_url_https': 'https://pbs.twimg.com/tweet_video_thumb/C1ZpxmiXEAAEzNz.jpg', 'id': 816956683293495296}], 'urls': []}"
184,816732216646569984,,,2017-01-04 19:45:09,312081748,Klimaatplein,4871,92,In 5 stappen CO2-neutraal ondernemen. Besparen & opwekken van duurzame energie voor bedrijven om klimaatverandering tegen te gaan. Check http://t.co/luyGXZ86,8395,Ernstige mijlpaal van 400 deeltjes CO2 PM nu definitief gepasseerd: https://t.co/tRXEDkcIpY #klimaatverandering,0,[],5,"{'symbols': [], 'hashtags': [{'indices': [92, 111], 'text': 'klimaatverandering'}], 'user_mentions': [], 'urls': [{'url': 'https://t.co/tRXEDkcIpY', 'expanded_url': 'http://www.climatecentral.org/news/world-passes-400-ppm-threshold-permanently-20738?utm_content=buffer1f774&utm_medium=social&utm_source=twitter.com&utm_campaign=buffer', 'indices': [68, 91], 'display_url': 'climatecentral.org/news/world-pas‚Ä¶'}]}"
192,817063520101658628,,,2017-01-05 17:41:38,23295958,urgenda,26364,2014,"#SamenSnellerDuurzaam #Rapport2030, Duurzaamheidsbeweging, #Lowcardiet, Dag v/d Duurzaamheid #dvdd16 #klimaatzaak, #circulairfriesland @duurzamemode #thuisbaas",30238,"Trots op #Grootoudersvoorhetklimaat @joosockels @GommersIrma en Jaap bij @rtlkoffietijd vanochtend, met een sterke‚Ä¶ https://t.co/LvmUyEbV7A",5,rtlkoffietijd;Natuurcontact;chablizpopnoir;GroenLinksEchtS;LouiseOckeloen,5,"{'symbols': [], 'hashtags': [{'indices': [9, 35], 'text': 'Grootoudersvoorhetklimaat'}], 'user_mentions': [{'id_str': '101476563', 'screen_name': 'joosockels', 'id': 101476563, 'name': 'Joos Ockels', 'indices': [36, 47]}, {'id_str': '2183688737', 'screen_name': 'GommersIrma', 'id': 2183688737, 'name': 'irma gommers', 'indices': [48, 60]}, {'id_str': '122110620', 'screen_name': 'rtlkoffietijd', 'id': 122110620, 'name': 'RTL Koffietijd', 'indices': [73, 87]}], 'urls': [{'url': 'https://t.co/LvmUyEbV7A', 'expanded_url': 'https://twitter.com/i/web/status/817063520101658628', 'indices': [116, 139], 'display_url': 'twitter.com/i/web/status/8‚Ä¶'}]}"
195,817121007504949248,,,2017-01-05 21:30:04,86321285,gjvu,1909,293,"Liberaal nuchtere Fries, Ondernemer & heuristische positivo, duurzaam is het pas onder de groene streep. #AquaZumba #Frutarian
http://t.co/brtoOJFX9G",74097,"Ah, ook in Belgi√´ beginnen ze te beseffen dat de klimaat adepten het debat gaan verliezen ‚Ä¶ https://t.co/QnUXIDvITV",0,[],3,"{'symbols': [], 'hashtags': [], 'user_mentions': [], 'urls': [{'url': 'https://t.co/QnUXIDvITV', 'expanded_url': 'https://twitter.com/NielStaes/status/817096234913722368', 'indices': [92, 115], 'display_url': 'twitter.com/NielStaes/stat‚Ä¶'}]}"
208,816999282993721344,,,2017-01-05 13:26:22,255656066,Afvaladvocaat,868,386,"Eigenaar H√∂rchner Advocaten. Scherper. Beter. Specialisaties omgevingsrecht, afvalstoffen, aanbestedingen, bijzonder strafrecht (NVSA-specialist).",255,Idiote traditie (nationaal erfgoed) gaat boven klimaat &amp; circulaire economie. Zo'n 70.000 houten pallets in vlammen https://t.co/BVwsPcXf0e,2,tooneerdekens;honeyrider7,1,"{'symbols': [], 'hashtags': [], 'user_mentions': [], 'urls': [{'url': 'https://t.co/BVwsPcXf0e', 'expanded_url': 'http://www.ad.nl/den-haag/vreugdevuur-scheveningen-ten-onrechte-uitgeroepen-tot-winnaar~a5a0798b/', 'indices': [120, 143], 'display_url': 'ad.nl/den-haag/vreug‚Ä¶'}]}"
209,817016224374722560,,,2017-01-05 14:33:41,83451585,gcijsseldelta,487,439,De gebiedsco√∂peratie IJsseldelta staat voor het bevorderen van de vitaliteit en kwaliteit in de dorpen en het landelijk gebied in de IJsseldelta.,459,"#Biobeurs, 19 januari lezing: 'Toekomtbestendig boeren in een extremer klimaat'. 16.15-17.45 Hanzezaal IJsselhallen‚Ä¶ https://t.co/LO0MhgVFzo",1,Stimuland_nl,7,"{'symbols': [], 'hashtags': [{'indices': [0, 9], 'text': 'Biobeurs'}], 'user_mentions': [], 'urls': [{'url': 'https://t.co/LO0MhgVFzo', 'expanded_url': 'https://twitter.com/i/web/status/817016224374722560', 'indices': [117, 140], 'display_url': 'twitter.com/i/web/status/8‚Ä¶'}]}"
210,816352681992351744,,,2017-01-03 18:37:01,1169140316,rekenk4mer,1648,1385,"Berekenen van kosten en baten van overheidsbeleid op het gebied van natuur, milieu, klimaat, landbouw, gezondheid, energie en technologie. G√©√©n advertenties!",18569,We werden massaal voorgelogen door de overheid en de windmaffia. Windmolens moesten om CO2 te verminderen. Stel cha‚Ä¶ https://t.co/sHesh8L4Bo,11,TremblinTony;annapinacolada;EddyBSB;Greet29Greet;RvRavenstijn;O_316;BlairAllen;supercanon;Krid_Stems;ger2519;WeggelaarDennis,31,"{'symbols': [], 'hashtags': [], 'user_mentions': [], 'urls': [{'url': 'https://t.co/sHesh8L4Bo', 'expanded_url': 'https://twitter.com/i/web/status/816352681992351744', 'indices': [117, 140], 'display_url': 'twitter.com/i/web/status/8‚Ä¶'}]}"
211,815491165688623105,,,2017-01-01 09:33:39,252596136,NWEAWind,2449,963,Wind is de meest effici√´nte vorm van duurzame energie. NWEA (Nederlandse WindEnergie Associatie) is de branchevereniging van de windsector.,7510,Klimaatbeleid zonder re√´le CO2-prijs is als een kerstboom zonder lichtjes - https://t.co/Gz7s6zA5Vp,6,ECF4U;RaoulDecoGarcia;fschuurk;redskyforge;bobbrand_nl;JoopKunst,13,"{'symbols': [], 'hashtags': [], 'user_mentions': [], 'urls': [{'url': 'https://t.co/Gz7s6zA5Vp', 'expanded_url': 'http://s.vk.nl/t-a4442030/', 'indices': [76, 99], 'display_url': 's.vk.nl/t-a4442030/'}]}"
215,816998071167045632,,,2017-01-05 13:21:33,966918007,MBeukeboom,2256,2012,Climate Envoy the Netherlands. #minienm #minbuza #sustainability #food #nutrition #climate #agriculture #energy #water,2645,'Ongewone' partners @NLSpaceOffice en @MinBZ werken succesvol samen aan #voedselzekerheid #water #klimaat https://t.co/aOEc5uk0sd @IGG_NL,4,AnneMarieSlaa;bkrdam;sannehelderman;NLSpaceOffice,5,"{'symbols': [], 'hashtags': [{'indices': [72, 89], 'text': 'voedselzekerheid'}, {'indices': [90, 96], 'text': 'water'}, {'indices': [97, 105], 'text': 'klimaat'}], 'user_mentions': [{'id_str': '631942978', 'screen_name': 'NLSpaceOffice', 'id': 631942978, 'name': 'NSO', 'indices': [20, 34]}, {'id_str': '76604446', 'screen_name': 'MinBZ', 'id': 76604446, 'name': 'Ministerie van BZ', 'indices': [38, 44]}, {'id_str': '1112586439', 'screen_name': 'IGG_NL', 'id': 1112586439, 'name': 'NL Global Issues', 'indices': [130, 137]}], 'urls': [{'url': 'https://t.co/aOEc5uk0sd', 'expanded_url': 'http://s.vk.nl/tdcdd-a4443925/', 'indices': [106, 129], 'display_url': 's.vk.nl/tdcdd-a4443925/'}]}"
222,816629677779460100,,,2017-01-04 12:57:42,264098935,EnecoBE,2848,2077,Eneco Belgium is a sustainable energy provider. We produce and distribute sustainable energy and develop innovative sustainable energy solutions.,2406,Investeren in duurzame energie: niet alleen goed voor het klimaat; zorgt voor vooruitgang op alle mogelijke vlakken. https://t.co/qsV43neGKs,2,Mark_Van_Hamme,4,"{'symbols': [], 'hashtags': [], 'user_mentions': [], 'urls': [{'url': 'https://t.co/qsV43neGKs', 'expanded_url': 'https://decorrespondent.nl/5915/waarom-vooruitgang-vooral-een-kwestie-van-duurzame-energie-is/151601450-ee99625b', 'indices': [117, 140], 'display_url': 'decorrespondent.nl/5915/waarom-vo‚Ä¶'}]}"
229,811932023380209664,,,2016-12-22 13:50:53,3175864365,HelderSchrift,20,31,Tekstbureau voor best practises - renovatie/nieuwbouw - exploitatie - inrichting - opdrachtgeverschap - binnenmilieu - comfort - gezondheid - samenwerking.,99,Vanaf april 2017 strengere eisen #luchtkwaliteit en #ventilatie in alle po-scholen. CO2-meter verplicht in elke klas! Art. 7.23 Bouwbesluit,2,RensonWorldwide;co2indicator,4,"{'symbols': [], 'hashtags': [{'indices': [33, 48], 'text': 'luchtkwaliteit'}, {'indices': [52, 63], 'text': 'ventilatie'}], 'user_mentions': [], 'urls': []}"
233,817070096392867841,,,2017-01-05 18:07:46,2154022227,MikeTurenhout,206,189,Researcher LEI Wageningen UR | #Fisheries | #Visserij | #Aquaculture | Innovation | Sustainability |Socio-Econonomic Research,203,"Overzicht economische impact pulsvisserij in Nederland. Beter resultaat, minder brandstof en uitstoot CO2.

 https://t.co/XWamzxxR6X",3,Brita_T;visserijnieuws;MDVisserij,3,"{'symbols': [], 'hashtags': [], 'user_mentions': [], 'urls': [{'url': 'https://t.co/XWamzxxR6X', 'expanded_url': 'http://www.wur.nl/nl/Expertises-Dienstverlening/Onderzoeksinstituten/Economic-Research/show/Omschakeling-naar-pulsvisserij-betekent-hogere-winst.htm', 'indices': [109, 132], 'display_url': 'wur.nl/nl/Expertises-‚Ä¶'}]}"
245,816647346939379714,,,2017-01-04 14:07:54,1550099521,JeanetteHamster,227,163,Shell/Woordvoering/Corporate and government affairs/Duurzaamheid/Innovatie/Onderwijs/Toekomst van energie/Upstream Americas,500,.@Shell_Nederland: hergebruik van industri√´le CO2 door tuinders. https://t.co/kA2Xem71wT via @duurzaamBV,0,[],1,"{'symbols': [], 'hashtags': [], 'user_mentions': [{'id_str': '950080579', 'screen_name': 'Shell_Nederland', 'id': 950080579, 'name': 'Shell Nederland', 'indices': [1, 17]}, {'id_str': '81643959', 'screen_name': 'DuurzaamBV', 'id': 81643959, 'name': 'DrzmBedrijfsleven.nl', 'indices': [93, 104]}], 'urls': [{'url': 'https://t.co/kA2Xem71wT', 'expanded_url': 'http://www.duurzaambedrijfsleven.nl/circulaire-economie/20109/business-check-up-hergebruik-van-industriele-co2', 'indices': [65, 88], 'display_url': 'duurzaambedrijfsleven.nl/circulaire-eco‚Ä¶'}]}"
251,373395531151998976,,,2013-08-30 10:43:26,409546166,duurzaaminkoop,231,503,Resultaat Nu en in Toekomst door Duurzaam Inkoop Cradle to Cradle en Biobased Interieurbouw Meubel,259,Wanneer stopt #vinklisse met versturen catalogussen? 52% minder co2 uitstoot door innovatief drukken? 100% is haalbaar door niet drukken!,0,[],1,"{'symbols': [], 'hashtags': [{'indices': [14, 24], 'text': 'vinklisse'}], 'user_mentions': [], 'urls': []}"
257,817049094942232576,,,2017-01-05 16:44:18,217528943,Martinvanwyk,219,474,Agriculture & Business Development,214,"Landbou verwagtinge in 2017. Repokoers 7% on verander, Groeikoers 1,1% op van 0,5%, Groter mielie aanplanting. Bete‚Ä¶ https://t.co/CkWEwwfhWz",0,[],1,"{'symbols': [], 'hashtags': [], 'user_mentions': [], 'urls': [{'url': 'https://t.co/CkWEwwfhWz', 'expanded_url': 'https://twitter.com/i/web/status/817049094942232576', 'indices': [117, 140], 'display_url': 'twitter.com/i/web/status/8‚Ä¶'}]}"
279,807243997211136000,,,2016-12-09 15:22:21,761105431,VanUdenLT,872,1293,dit twitter account gaat binnenkort sluiten. volg ons op @nedcargo.,3757,Achteruit parkeren. Nieuwe stijl. # innenvaart #filevrij #co2 https://t.co/YabRHoI4O6,18,BinnenvaartND;ribootje;AndreOrgelgek;Nedcargo;DAntvelink;ELAINEpeffer;D1sjuh;RemcoPikaart;DonaldBaan;NCCO2020;BargeBorn;vriendin_van;MarineAirSystem;jvdreest;oudenmg;joannesoorburg,11,"{'symbols': [], 'hashtags': [{'indices': [47, 56], 'text': 'filevrij'}, {'indices': [57, 61], 'text': 'co2'}], 'user_mentions': [], 'media': [{'sizes': {'large': {'w': 1024, 'resize': 'fit', 'h': 576}, 'thumb': {'w': 150, 'resize': 'crop', 'h': 150}, 'medium': {'w': 600, 'resize': 'fit', 'h': 338}, 'small': {'w': 340, 'resize': 'fit', 'h': 191}}, 'display_url': 'pic.twitter.com/YabRHoI4O6', 'indices': [62, 85], 'media_url': 'http://pbs.twimg.com/ext_tw_video_thumb/807243867787509761/pu/img/v2fjBC6phtZFdYBE.jpg', 'url': 'https://t.co/YabRHoI4O6', 'type': 'photo', 'id_str': '807243867787509761', 'expanded_url': 'https://twitter.com/VanUdenLT/status/807243997211136000/video/1', 'media_url_https': 'https://pbs.twimg.com/ext_tw_video_thumb/807243867787509761/pu/img/v2fjBC6phtZFdYBE.jpg', 'id': 807243867787509761}], 'urls': []}"
281,799548470474510336,,,2016-11-18 09:43:04,19388229,milieudefensie,9119,1468,"Anders kijken, anders kiezen.",11948,"Wat een verschil! Als je auto's inruilt voor ander transport! Dikke pluspunten voor #luchtkwaliteit, #ruimtegebruik‚Ä¶ https://t.co/FR53f6dzs5",23,PieterGrootendo;LowCarDietNL;SigridDassen;bio_vincent;roosvonk;Klimaatcombi;mirthe;sawyou4;martiendas;AnoukSchonau;Salmschloss;cycle_hack;ArieFolkers;AirteqAdvies;emilyjanelowe;tombrouwers;bijenbrigade;FbLeideneo;JenanMatti;fiederels;ArjanDvdMeer;FietskoeriersNL,51,"{'symbols': [], 'hashtags': [{'indices': [84, 99], 'text': 'luchtkwaliteit'}, {'indices': [101, 115], 'text': 'ruimtegebruik'}], 'user_mentions': [], 'urls': [{'url': 'https://t.co/FR53f6dzs5', 'expanded_url': 'https://twitter.com/i/web/status/799548470474510336', 'indices': [117, 140], 'display_url': 'twitter.com/i/web/status/7‚Ä¶'}]}"
286,814733464624840708,,,2016-12-30 07:22:49,112823892,Klimaatzuster,7397,5202,"Iedereen is klimaatzuster: 50% uitstoot broeikasgassen heb je zelf in de hand! Oa campaigner @klimaatverbond, introductie @zonatlas Nu: @ecf4u & @warmetruiendag",39540,Ondertussen in NL: gebiologeerd staren naar de #asfaltmeter #400ppm #co2  https://t.co/rjN2V9Q3Um,3,KarelBrits;fschuurk;anne_knol,4,"{'symbols': [], 'hashtags': [{'indices': [47, 59], 'text': 'asfaltmeter'}, {'indices': [60, 67], 'text': '400ppm'}, {'indices': [68, 72], 'text': 'co2'}], 'user_mentions': [], 'urls': [{'url': 'https://t.co/rjN2V9Q3Um', 'expanded_url': 'https://twitter.com/350/status/814197315871342592', 'indices': [74, 97], 'display_url': 'twitter.com/350/status/814‚Ä¶'}]}"
290,816564094471901184,,,2017-01-04 08:37:05,86508740,rolandkok,1092,1943,Developing Markets in (Renewable) Energy | Green Gas / Biomass | working at Essent/innogy | Energy realist | Drives (bio)CNG car | Think big!,9986,Groen Gas Almere gaat spoedig starten met productie (en levert aan Essent). Ook spoedige CO2-levering aan tuinbouw. https://t.co/FRxUKMjy3r,1,EllingR,5,"{'symbols': [], 'hashtags': [], 'user_mentions': [], 'urls': [{'url': 'https://t.co/FRxUKMjy3r', 'expanded_url': 'http://www.visieopflevoland.nl/expert/groengas-in-almere', 'indices': [116, 139], 'display_url': 'visieopflevoland.nl/expert/groenga‚Ä¶'}]}"
291,816026060991111168,,,2017-01-02 20:59:08,498730414,wijnandj,133,175,,644,"Zeer uitgebreid artikel over CO2-reductie in het wegvervoer. Complex, maar zeker mogelijkheden. https://t.co/xdNC0ehPbN",2,itsmydrive;ACEA_eu,1,"{'symbols': [], 'hashtags': [], 'user_mentions': [], 'urls': [{'url': 'https://t.co/xdNC0ehPbN', 'expanded_url': 'https://twitter.com/acea_eu/status/815841115035275264', 'indices': [96, 119], 'display_url': 'twitter.com/acea_eu/status‚Ä¶'}]}"
300,817137698179862530,,,2017-01-05 22:36:23,2938187284,MadoRuys,97,168,"Rijkswaterstaat, Water Natuurlijk Algemeen Bestuur Waterschap De Dommel, duurzaamheid & innovatie @WNdeDommel",586,"Klimaat Robuuster, Veerkrachtiger en Stuurbaarder watersysteem, Nieuws uit @Water Natuurlijk in Waterschap De Dommel https://t.co/wges8itUT7",0,[],1,"{'symbols': [], 'hashtags': [], 'user_mentions': [{'id_str': '19673700', 'screen_name': 'Water', 'id': 19673700, 'name': 'Water.org', 'indices': [75, 81]}], 'urls': [{'url': 'https://t.co/wges8itUT7', 'expanded_url': 'https://www.waternatuurlijk.nl/16981-2/#.WG7JsfiObkd.twitter', 'indices': [117, 140], 'display_url': 'waternatuurlijk.nl/16981-2/#.WG7J‚Ä¶'}]}"
319,815864109333889024,,,2017-01-02 10:15:36,86321285,gjvu,1909,293,"Liberaal nuchtere Fries, Ondernemer & heuristische positivo, duurzaam is het pas onder de groene streep. #AquaZumba #Frutarian
http://t.co/brtoOJFX9G",74097,"#NPO1 Gelukkig weet Dhr. Freek de Jonge alles van duurzame energie, klimaat en Gronings-gas. Samen met Dhr Rotmans. 

Peppi &amp; Kokki",12,Be_denker;IwanGoeree;jeroen1huizinga;EMK2017;hansnl43;JoseDayPhoto;HielkeBandstra;manahaas;Yoorsonly;margreeth13;OmeWillum;IBommels,4,"{'symbols': [], 'hashtags': [{'indices': [0, 5], 'text': 'NPO1'}], 'user_mentions': [], 'urls': []}"
338,816708530409508864,,,2017-01-04 18:11:02,986794956,GroeneZaken,13527,13770,Gratis platform voor duurzame bedrijven | Duurzaam nieuws | Bedrijfsleven | Groen | Milieu | Innovatie | Sustainability | MVO | Netwerk | @GroeneZakenDeal,8839,"Hoe ""schoon"" zijn jouw kleren? üëï #kledingindustrie behoort bij top 3 van meest vervuilende industrie√´n?‚Ä¶ https://t.co/BZNiSZJ9Za",12,GroeneZakenDeal;klink_marcel;DuurzaamActueel;arianelelieveld;louiszandbergen;frankerwood;Zero_Waste_Be;NathalieRoman;betterclothing;GVanLierde;Siebe_Zwerver,10,"{'symbols': [], 'hashtags': [{'indices': [33, 50], 'text': 'kledingindustrie'}], 'user_mentions': [], 'urls': [{'url': 'https://t.co/BZNiSZJ9Za', 'expanded_url': 'https://twitter.com/i/web/status/816708530409508864', 'indices': [105, 128], 'display_url': 'twitter.com/i/web/status/8‚Ä¶'}]}"
346,816259485811572736,,,2017-01-03 12:26:41,284452783,WarecoNL,434,513,"Welkom bij Wareco Ingenieurs, het ingenieurs- en adviesbureau op gebied van water, bodem en funderingen!",571,Overtollig regenwater in stedelijk gebied effectief benutten. Urban Waterbuffer biedt kansen.@Zuurbier_Koen #klimaat https://t.co/1HOmRmPdmF,2,kvanschieveen;mjevanmarle,6,"{'symbols': [], 'hashtags': [{'indices': [108, 116], 'text': 'klimaat'}], 'user_mentions': [{'id_str': '2181928080', 'screen_name': 'Zuurbier_Koen', 'id': 2181928080, 'name': 'Koen Zuurbier', 'indices': [93, 107]}], 'urls': [{'url': 'https://t.co/1HOmRmPdmF', 'expanded_url': 'https://www.wareco.nl/nieuws/urban-waterbuffer', 'indices': [117, 140], 'display_url': 'wareco.nl/nieuws/urban-w‚Ä¶'}]}"
349,812242607527133188,,,2016-12-23 10:25:03,490585256,Belfius,5019,3620,"Official account of Belfius. Groupe de bancassurance belge autonome, ancr√© localement.
Onafhankelijke, lokaal verankerde Belgische bank- en verzekeringsgroep.",6922,"Nieuwe financieringsmogelijkheden in Vlaanderen voor klimaat, energie, kringloopeconomie en smart cities! #vleva
https://t.co/gYvoos2XbQ",4,ThMartiny;BuysseJan;anvanmoer;WimVanOpstal,4,"{'symbols': [], 'hashtags': [{'indices': [106, 112], 'text': 'vleva'}], 'user_mentions': [], 'urls': [{'url': 'https://t.co/gYvoos2XbQ', 'expanded_url': 'https://www.vleva.eu/nieuws/nieuwe-financieringsmogelijkheden-vlaanderen-voor-klimaat-energie-kringloopeconomie-en-smart', 'indices': [113, 136], 'display_url': 'vleva.eu/nieuws/nieuwe-‚Ä¶'}]}"
351,811870532455067648,,,2016-12-22 09:46:33,13223462,Drapman,387,1529,Passion for television - quantum physics - people,1352,Eerste kleine priv√© #windmolen in West-Vlaanderen. Proficiat Johan Debruyne! #duurzaamondernemen #FocusWTV https://t.co/lb2d8yEV5m,2,JorisRombaut;wflorizoone,1,"{'symbols': [], 'hashtags': [{'indices': [20, 30], 'text': 'windmolen'}, {'indices': [77, 96], 'text': 'duurzaamondernemen'}, {'indices': [97, 106], 'text': 'FocusWTV'}], 'user_mentions': [], 'urls': [{'url': 'https://t.co/lb2d8yEV5m', 'expanded_url': 'http://www.focus-wtv.be/nieuws/eerste-kleine-priv%C3%A9windmolen-draait-op-volle-toeren', 'indices': [107, 130], 'display_url': 'focus-wtv.be/nieuws/eerste-‚Ä¶'}]}"
353,816925073529589760,,,2017-01-05 08:31:29,2814922837,Boerenbond,1245,159,"Voor en door boeren | boerenbond.be
Twitteraars van dienst: @MattyVeulemans en @BBwoordvoerder",1191,Heeft onze #vleesproductie werkelijk zo‚Äôn grote impact op het #klimaat? https://t.co/DX6UTXglbv,5,fleckveeboertje;filagri;BBwoordvoerder;PeterThijs83;SaskiaDeBlock,5,"{'symbols': [], 'hashtags': [{'indices': [11, 26], 'text': 'vleesproductie'}, {'indices': [62, 70], 'text': 'klimaat'}], 'user_mentions': [], 'urls': [{'url': 'https://t.co/DX6UTXglbv', 'expanded_url': 'http://brnbnd.be/2iD6dRv', 'indices': [72, 95], 'display_url': 'brnbnd.be/2iD6dRv'}]}"
382,812305814811766784,,,2016-12-23 14:36:12,366504614,aireasnl,427,307,"A healthy city, with healthy air and healthy citizens is a shared responsibility of us all (government, citizens, business, science) #sustainocracy #leadership",3248,Net onze test #Tag ontvangen voor mobiele CO2 metingen @CleanSpace. Eens kijken of dit wat is voor onze burgerparti‚Ä¶ https://t.co/Fm5fGvduQ8,4,bennas;renepare;CleanSpace;GameBusApp,6,"{'symbols': [], 'hashtags': [{'indices': [14, 18], 'text': 'Tag'}], 'user_mentions': [{'id_str': '3329147921', 'screen_name': 'CleanSpace', 'id': 3329147921, 'name': 'CleanSpace‚Ñ¢', 'indices': [55, 66]}], 'urls': [{'url': 'https://t.co/Fm5fGvduQ8', 'expanded_url': 'https://twitter.com/i/web/status/812305814811766784', 'indices': [117, 140], 'display_url': 'twitter.com/i/web/status/8‚Ä¶'}]}"
383,814034112503836672,,,2016-12-28 09:03:51,10156612,LeoKnock,867,296,"Digital Marketeer, gemeenteraadslid @Oostkamp, politieraadslid @PZHetHoutsche #REX #LEX #DUX #LUX",1920,"De personenwagen zou voorbijgestreefde technologie zijn, maar de windmolen dan weer de baken van de toekomst. Wie stopt die waanzin?",0,[],2,"{'symbols': [], 'hashtags': [], 'user_mentions': [], 'urls': []}"
386,817102122076540930,,,2017-01-05 20:15:01,8870432,NPORadio1,36839,1253,"Het offici√´le Twitter account van #NPORadio1. Nieuws, sport, achtergronden, interviews, reportages. Luister live: https://t.co/1hoqFm3DyX",59748,'Het klimaat in Nederland voor musici is dramatisch.' Orkestleider @MarcelMandos: https://t.co/XCx0Pii61e https://t.co/iXae8tuF1p,9,hemeradiana;TopogigioRini;MarcelMandos;jannyzeeland;hallootjepootje;HilliedeKoe;merijndehaas,17,"{'symbols': [], 'hashtags': [], 'user_mentions': [{'id_str': '613471308', 'screen_name': 'MarcelMandos', 'id': 613471308, 'name': '-', 'indices': [67, 80]}], 'media': [{'sizes': {'large': {'w': 960, 'resize': 'fit', 'h': 640}, 'thumb': {'w': 150, 'resize': 'crop', 'h': 150}, 'medium': {'w': 960, 'resize': 'fit', 'h': 640}, 'small': {'w': 680, 'resize': 'fit', 'h': 453}}, 'display_url': 'pic.twitter.com/iXae8tuF1p', 'indices': [106, 129], 'media_url': 'http://pbs.twimg.com/media/C1buDGEXgAA0Skz.jpg', 'url': 'https://t.co/iXae8tuF1p', 'type': 'photo', 'id_str': '817102119350272000', 'expanded_url': 'https://twitter.com/NPORadio1/status/817102122076540930/photo/1', 'media_url_https': 'https://pbs.twimg.com/media/C1buDGEXgAA0Skz.jpg', 'id': 817102119350272000}], 'urls': [{'url': 'https://t.co/XCx0Pii61e', 'expanded_url': 'http://www.nporadio1.nl/homepage/2649-het-klimaat-in-nederland-voor-musici-is-dramatisch', 'indices': [82, 105], 'display_url': 'nporadio1.nl/homepage/2649-‚Ä¶'}]}"
387,816959079147065345,,,2017-01-05 10:46:37,211535270,marcelcrok,1847,2954,"Science writer, Amsterdam, speaker, climate, wrote A Sensitive Matter with Nic Lewis, tweets in Dutch/English",5961,"Kamp: Alles wat we op CO2-gebied in Nederland extra besparen, mag in andere landen weer de lucht in. Daar schiet je dus niks mee op. (2)",4,GrandeFormaggio;budrrevensky;urawazanl;GerardBrummerII,5,"{'symbols': [], 'hashtags': [], 'user_mentions': [], 'urls': []}"
391,817149546438545409,,,2017-01-05 23:23:28,48956686,martijnkolkman,9573,188,Mannetje van de radio bij Qmusic. Speekt alle teksten voor je in en DJ op feestjes. Boekingen Jan Vis: 073-5219151. Snap en Instagram: martijnkolkman,11237,Ons klimaat is echt van slag. Check #dallas #texas #inoneweek üò≥ https://t.co/kcBKpr8AK6,1,biancaballonke,2,"{'symbols': [], 'hashtags': [{'indices': [36, 43], 'text': 'dallas'}, {'indices': [44, 50], 'text': 'texas'}, {'indices': [51, 61], 'text': 'inoneweek'}], 'user_mentions': [], 'media': [{'sizes': {'large': {'w': 750, 'resize': 'fit', 'h': 1334}, 'thumb': {'w': 150, 'resize': 'crop', 'h': 150}, 'medium': {'w': 675, 'resize': 'fit', 'h': 1200}, 'small': {'w': 382, 'resize': 'fit', 'h': 680}}, 'display_url': 'pic.twitter.com/kcBKpr8AK6', 'indices': [64, 87], 'media_url': 'http://pbs.twimg.com/media/C1cZLP_W8AEiMCO.jpg', 'url': 'https://t.co/kcBKpr8AK6', 'type': 'photo', 'id_str': '817149538452566017', 'expanded_url': 'https://twitter.com/martijnkolkman/status/817149546438545409/photo/1', 'media_url_https': 'https://pbs.twimg.com/media/C1cZLP_W8AEiMCO.jpg', 'id': 817149538452566017}], 'urls': []}"
393,816767188782747649,,,2017-01-04 22:04:07,371374320,MartijnTonies,1215,521,Raadslid SP #Oss - Scout - Athe√Øst - @missuanmi - IT'er - kritisch // blog op https://t.co/ADoJeQ3KhL en soms op https://t.co/A3EI3EUufO,48125,"Noordpool smelt? De stijging vd zeespiegel vangen we op met een grote kuil!

Wait what? ü§î #klimaat https://t.co/dVPtSe4etd",8,NurettinAltunda;SonjaPlomp;MarcodeBaar;drsterp;MaSiKa69;BrouwerArjen;MerijnBroeders;arieraaphorst,5,"{'symbols': [], 'hashtags': [{'indices': [90, 98], 'text': 'klimaat'}], 'user_mentions': [], 'media': [{'sizes': {'large': {'w': 2048, 'resize': 'fit', 'h': 720}, 'thumb': {'w': 150, 'resize': 'crop', 'h': 150}, 'medium': {'w': 1200, 'resize': 'fit', 'h': 422}, 'small': {'w': 680, 'resize': 'fit', 'h': 239}}, 'display_url': 'pic.twitter.com/dVPtSe4etd', 'indices': [99, 122], 'media_url': 'http://pbs.twimg.com/media/C1W9Z42XAAAor_C.jpg', 'url': 'https://t.co/dVPtSe4etd', 'type': 'photo', 'id_str': '816767159892377600', 'expanded_url': 'https://twitter.com/MartijnTonies/status/816767188782747649/photo/1', 'media_url_https': 'https://pbs.twimg.com/media/C1W9Z42XAAAor_C.jpg', 'id': 816767159892377600}], 'urls': []}"
397,801117633932165120,,,2016-11-22 17:38:22,62239397,ssalut,119,255,Start-up in saving energy. Revoluationary technology to automatically detect your electrical devices@home! Pure magic.,732,De energierekening ontrafeld tot op apparaat-niveau; het k√°n dus! #energie #energiedebat #energietransitie #energiebesparen #klimaat,1,RBeimers,2,"{'symbols': [], 'hashtags': [{'indices': [66, 74], 'text': 'energie'}, {'indices': [75, 88], 'text': 'energiedebat'}, {'indices': [89, 106], 'text': 'energietransitie'}, {'indices': [107, 123], 'text': 'energiebesparen'}, {'indices': [124, 132], 'text': 'klimaat'}], 'user_mentions': [], 'urls': []}"
402,816299214779154432,,,2017-01-03 15:04:33,722058083212640256,Coneco_nl,2637,3766,In opdracht van installatiebedrijven ontwerpt en integreert Coneco regeltechniek-systemen voor nieuwbouw- en renovatieprojecten. Opgericht in 1995.,325,"#Climate change, #mind change en #leiderschap
Een samenvatting van de Coneco Inspiratiemiddag in video's:‚Ä¶ https://t.co/TavKOKqyXG",1,GracePinault,1,"{'symbols': [], 'hashtags': [{'indices': [0, 8], 'text': 'Climate'}, {'indices': [17, 22], 'text': 'mind'}, {'indices': [33, 45], 'text': 'leiderschap'}], 'user_mentions': [], 'urls': [{'url': 'https://t.co/TavKOKqyXG', 'expanded_url': 'https://twitter.com/i/web/status/816299214779154432', 'indices': [107, 130], 'display_url': 'twitter.com/i/web/status/8‚Ä¶'}]}"
408,798395536055345153,,,2016-11-15 05:21:43,312883011,hgbrink,2131,1848,Transportondernemer / LSC TLN / IKH Hardenberg / Rotary Hardenberg / ‚ù§Ô∏è #Vechtdal / twittert op persoonlijke titel,14732,Sprekend cijfer over het aandeel CO2 vervuiling door vrachtwagens. De vloot is stukken schoner dan menigeen denkt.‚Ä¶ https://t.co/CgLidbrW6A,5,gpjgijzen;janreintharbers;HedySmit;ManderslootErik;bertjevan,11,"{'symbols': [], 'hashtags': [], 'user_mentions': [], 'urls': [{'url': 'https://t.co/CgLidbrW6A', 'expanded_url': 'https://twitter.com/i/web/status/798395536055345153', 'indices': [116, 139], 'display_url': 'twitter.com/i/web/status/7‚Ä¶'}]}"
410,817019587422257152,,,2017-01-05 14:47:03,42887244,RoelClement,446,360,Projectleider Bio-economie ZLTO // Biobased Economy // Klimaatbestendige land- en tuinbouw // Zeeuw,984,Klimaatbestendige fruitteelt in Zeeland. https://t.co/bLAQzos48E Zeeland koploper zoetwaterinnovatie. #klimaat #innovatie,0,[],1,"{'symbols': [], 'hashtags': [{'indices': [102, 110], 'text': 'klimaat'}, {'indices': [111, 121], 'text': 'innovatie'}], 'user_mentions': [], 'urls': [{'url': 'https://t.co/bLAQzos48E', 'expanded_url': 'http://www.omroepzeeland.nl/nieuws/2017-01-05/1076878/zoetwaterbel-bezorgt-jan-rijk-goede-perenoogst-video#.WG5b7WczWHk', 'indices': [41, 64], 'display_url': 'omroepzeeland.nl/nieuws/2017-01‚Ä¶'}]}"
412,778291382524010501,,,2016-09-20 17:55:00,737354532074749952,boerbewust,1778,2284,Het verhaal van gangbare/reguliere landbouw (producten). Lekker en gezond eten,1643,Co2 een enorm probleem. Gelukkig hebben we de boeren nog! Al die mooie akkers vangen al het Co2 op en maken zuursto‚Ä¶ https://t.co/3B2MH7fyIg,7,Simon_Benjamins;mdejong1;JEMdeRuyter;ArdEshuis;jhcoolman70;VCoolbergen,33,"{'symbols': [], 'hashtags': [], 'user_mentions': [], 'urls': [{'url': 'https://t.co/3B2MH7fyIg', 'expanded_url': 'https://twitter.com/i/web/status/778291382524010501', 'indices': [117, 140], 'display_url': 'twitter.com/i/web/status/7‚Ä¶'}]}"
447,814147684059807744,,,2016-12-28 16:35:08,97278830,jhmommers,2777,800,Correspondent Klimaat & Energie bij @decorrespondent. Nieuwsbrief: https://t.co/AJs8dqtvC7 Onze toekomst op broeikas aarde: https://t.co/LLMVdSKzFw,3002,Klimaat en energie in 2016 links laten liggen? Deze tien verhalen praten je bij https://t.co/pddwDXmk9f via @decorrespondent,21,pieterdbock;arianelelieveld;DaveDriesmans;WakaWakaNL;luc337;frankerwood;anda_anne;fschuurk;Pellescope;mjpdeboer;cinographic;geert100geert;lemni;Pteranodon1981;michielsmits;JonasSluyts;DukMenno;MarcodeBaar;plange6;michaeljlucas;since_today_,31,"{'symbols': [], 'hashtags': [], 'user_mentions': [{'id_str': '1197603440', 'screen_name': 'decorrespondent', 'id': 1197603440, 'name': 'De Correspondent', 'indices': [108, 124]}], 'urls': [{'url': 'https://t.co/pddwDXmk9f', 'expanded_url': 'https://decorrespondent.nl/5922/klimaat-en-energie-in-2016-links-laten-liggen-deze-tien-verhalen-praten-je-bij/652657698-2938e1ad', 'indices': [80, 103], 'display_url': 'decorrespondent.nl/5922/klimaat-e‚Ä¶'}]}"
454,817124028196470789,,,2017-01-05 21:42:04,28305026,robertvg,484,1606,Captain of @deMoraMora. Happy Tesla driver. I do whatever is within my possibility to speed up the energy transition and promote electrical cars.,7405,Drie bedrijven gezocht in Brabant die mee willen doen met een testcase interne CO2 beprijzing. https://t.co/3d7PGDLj6Z,1,Reeshofwarmte,7,"{'symbols': [], 'hashtags': [], 'user_mentions': [], 'urls': [{'url': 'https://t.co/3d7PGDLj6Z', 'expanded_url': 'https://twitter.com/klimaatplein/status/816955345973243904', 'indices': [95, 118], 'display_url': 'twitter.com/klimaatplein/s‚Ä¶'}]}"
463,818552760178049025,,,2017-01-09 20:19:20,38540813,ecoArtistLynch,1222,2523,EnvironmentalArtist/Activist WEAD's AtomicLegacyIssue: https://t.co/dA71jPgUs2 ProfilePhoto: ¬©NorlynneCoar,15550,"#DayAgainstDenial SENATORS Stop ClimateDenierCabinet:
Rick Perry Scott Pruitt Rex Tillerson Ryan Zinke‚Ä¶ https://t.co/UXNRhMlBli",3,MarkFitz819;C_Smart_Climate,1,"{'symbols': [], 'hashtags': [{'indices': [0, 17], 'text': 'DayAgainstDenial'}], 'user_mentions': [], 'urls': [{'url': 'https://t.co/UXNRhMlBli', 'expanded_url': 'https://twitter.com/i/web/status/818552760178049025', 'indices': [104, 127], 'display_url': 'twitter.com/i/web/status/8‚Ä¶'}]}"
470,819450822786433028,,,2017-01-12 07:47:55,259658166,MissTie,1295,1139,"journalist, rationalist, optimist, kubist, weetnietaltijdwatdatis, maarzietdathetietsis, in english: kind of writer",1672,"koppel begroting en klimaatbeleid aan elkaar: andere economie, andere inkomsten, schonere lucht, betere gezondheid,‚Ä¶ https://t.co/lIxRkOuTRN",14,pboucneau;bencaus;willymiermans;TREESDEMOLIE;driesgeusens;Climate_Express;JoeriThijs;StijnDePaepe;marjosterk;Geert_Coenen;FreVanOverloop;RubenBaetens;HildeBlok;sarah_cnockaert,8,"{'symbols': [], 'hashtags': [], 'user_mentions': [], 'urls': [{'url': 'https://t.co/lIxRkOuTRN', 'expanded_url': 'https://twitter.com/i/web/status/819450822786433028', 'indices': [117, 140], 'display_url': 'twitter.com/i/web/status/8‚Ä¶'}]}"
486,817126352755322880,,,2017-01-05 21:51:18,18609740,dadaland,532,522,#KickOutFacism,19472,"Gotspe! 
Deze hypocriet heeft er zelf alles aan gedaan om dat klimaat te cre√´ren. https://t.co/dkF0M8Nwag",0,[],3,"{'symbols': [], 'hashtags': [], 'user_mentions': [], 'urls': [{'url': 'https://t.co/dkF0M8Nwag', 'expanded_url': 'https://twitter.com/J_aa_p/status/817115255377629185', 'indices': [82, 105], 'display_url': 'twitter.com/J_aa_p/status/‚Ä¶'}]}"
487,816939573846700032,,,2017-01-05 09:29:07,132495140,climategateNL,1266,102,Het meest gelezen en besproken weblog over klimaatverandering in Nederland.,3624,Het Wereld Natuur Fonds liegt en fraudeert met CO2-emissiecijfers https://t.co/2biHXkKZ71 via @climategateNL,4,GsSchutter;info40402822;spjjonkers;detectivegervon,17,"{'symbols': [], 'hashtags': [], 'user_mentions': [{'id_str': '132495140', 'screen_name': 'climategateNL', 'id': 132495140, 'name': 'Climategate.nl', 'indices': [94, 108]}], 'urls': [{'url': 'https://t.co/2biHXkKZ71', 'expanded_url': 'http://climategate.nl/2015/12/20/ecofyswnf-vervalsten-eigen-onderzoek-voor-propaganda-duits-windmolenbeleid/', 'indices': [66, 89], 'display_url': 'climategate.nl/2015/12/20/eco‚Ä¶'}]}"
491,818718364025704449,,,2017-01-10 07:17:23,49304624,liescorneillie,3100,933,youth participation & empowerment specialist @Youca_vzw |member city council @Groen #Leuven |social work |children rights |active citizens |urban creativity,22849,"Dus: 10.000en auto's van de baan halen voor bouw van snelweg. Als dat kan, is die snelweg dan nog wel nodig? https://t.co/obPdt0yYrM",64,tijskeuk;TomDeweerdt;BrunoDeLille;karin_ds;RRansbeeck;JoeriThijs;rusdemus;mikaelvaneeck;ragiter;SDecommer;wvanparys;NathalieRoman;PJ_Quin;EricDeBae;brunomobiel;RenaatVH;HansLamberts;GroenLeuven;tcorneillie;BVanheede;miekeHuysmans11;dirkmeire;EwoudBeirlant;emperd;luklambrecht,26,"{'symbols': [], 'hashtags': [], 'user_mentions': [], 'urls': [{'url': 'https://t.co/obPdt0yYrM', 'expanded_url': 'http://deredactie.be/permalink/1.2862958', 'indices': [109, 132], 'display_url': 'deredactie.be/permalink/1.28‚Ä¶'}]}"
507,805712510712168448,,,2016-12-05 09:56:46,39756477,vanmarcke,1166,200,"Badkamers, keukens en verwarming: al meer dan 85 jaar tot je dienst! Salles de bains, cuisines et chauffage : √† votre service depuis plus de 85 ans !",1590,Van Marcke kiest voor een volledig CO2-neutraal gebouw voor hun nieuw Europees distributiecentrum https://t.co/3bBzcKGI2f,6,Julien_Nyst;decruyenaerev;Mulders2Van;pieterverheye1;Vdsteenesteven;Dimi0201,3,"{'symbols': [], 'hashtags': [], 'user_mentions': [], 'urls': [{'url': 'https://t.co/3bBzcKGI2f', 'expanded_url': 'http://www.vlaamseklimaattop.be/van-marcke-kiest-voor-een-volledig-co2-neutraal-gebouw-voor-hun-nieuw-europees-distributiecentrum#.WEU50gRPlw4.twitter', 'indices': [98, 121], 'display_url': 'vlaamseklimaattop.be/van-marcke-kie‚Ä¶'}]}"
510,816946825001390080,,,2017-01-05 09:57:55,18494161,timbales,2227,1623,Consulting Attorney Emissions Trading | CO2 Market Value @degroenezaak @Energiepodium @EnvDefenseFund #Greendeal Nationale CO2markt #EUETS * #CO2Seminar* 23 okt,29378,"Zolang we zon met 269‚Ç¨/tCO2, wind met 116‚Ç¨/tCO2 en biomassa met 51‚Ç¨/tCO2 subsidi√´ren gaat de EU CO2-prijs niet zoma‚Ä¶ https://t.co/zaya0wh7Be",0,[],4,"{'symbols': [], 'hashtags': [], 'user_mentions': [], 'urls': [{'url': 'https://t.co/zaya0wh7Be', 'expanded_url': 'https://twitter.com/i/web/status/816946825001390080', 'indices': [117, 140], 'display_url': 'twitter.com/i/web/status/8‚Ä¶'}]}"
518,818936454369968136,,,2017-01-10 21:44:00,583903627,ZeronautBe,1587,1673,"Zeronaut.be, open blog ter ere van de duurzame revolutie",2281,"Commentaar John Vandaele: De 21ste eeuw ‚Äúademt‚Äù de strijd om een leefbare stad, elke dag https://t.co/4YNJuwFaAH",1,Klimaatzaak,3,"{'symbols': [], 'hashtags': [], 'user_mentions': [], 'urls': [{'url': 'https://t.co/4YNJuwFaAH', 'expanded_url': 'http://buff.ly/2j0shaM', 'indices': [89, 112], 'display_url': 'buff.ly/2j0shaM'}]}"
519,811136572246499328,,,2016-12-20 09:10:03,37623918,Europarl_NL,40542,9515,Volg het laatste nieuws van het Europees Parlement uit Brussel en Straatsburg.  RT ‚â† instemming.,12149,"Volgend jaar in het Europees Parlement: hervorming asielstelsel, belastingschandalen, terrorisme, ""digitale grenzen‚Ä¶ https://t.co/4wxQOUOLHu",6,GMlovelie67xxx;eankone;arianelelieveld;birgitcordes,10,"{'symbols': [], 'hashtags': [], 'user_mentions': [], 'urls': [{'url': 'https://t.co/4wxQOUOLHu', 'expanded_url': 'https://twitter.com/i/web/status/811136572246499328', 'indices': [117, 140], 'display_url': 'twitter.com/i/web/status/8‚Ä¶'}]}"
522,816301912828035072,,,2017-01-03 15:15:16,155225553,OliviervanDet,693,1080,Machinist-Fotograaf-(Wheeled excavator operator-photographer) GWW-opdrachten-Beeldbank-stockfoto's-timelapse-Rdam-Charlois. mail to: vandetfotografie@icloud.com,3324,Vandaag zijn we bijgeschoold over het  @hetnwedraaien van @SOMABedrijfsopl @vdhelmbedrijven  #co2‚Ä¶ https://t.co/8j5yhkn0ts,1,LuukSchepers,1,"{'symbols': [], 'hashtags': [{'indices': [93, 97], 'text': 'co2'}], 'user_mentions': [{'id_str': '718073368239611904', 'screen_name': 'hetnwedraaien', 'id': 718073368239611904, 'name': 'Het Nieuwe Draaien', 'indices': [39, 53]}, {'id_str': '300821906', 'screen_name': 'SOMABedrijfsopl', 'id': 300821906, 'name': 'SOMA_Bedrijfsopl.', 'indices': [58, 74]}, {'id_str': '948557616', 'screen_name': 'vdhelmbedrijven', 'id': 948557616, 'name': 'VanderHelm Bedrijven', 'indices': [75, 91]}], 'urls': [{'url': 'https://t.co/8j5yhkn0ts', 'expanded_url': 'https://twitter.com/i/web/status/816301912828035072', 'indices': [99, 122], 'display_url': 'twitter.com/i/web/status/8‚Ä¶'}]}"
523,815883892150456321,,,2017-01-02 11:34:12,252271236,groeninarnhem,3100,3481,Arnhem is een groene stad. Maar kan nog groener! Het laatste Arnhemse groene nieuws & links naar inspirerende initiatieven elders in NL (door @klimaatzuster),16110,View! Mooiste bomenlaan @provgelderland gered! Ruim baan voor alle bomen in NL met @Vollegrond @DeBomenridders‚Ä¶ https://t.co/04ObV9q6RX,6,CockieBeekers;Live_2_be_fit;dotbydot_live;TreesForAll;hildepaulussen;ruimtedromer,2,"{'symbols': [], 'hashtags': [], 'user_mentions': [{'id_str': '19177687', 'screen_name': 'provgelderland', 'id': 19177687, 'name': 'Provincie Gelderland', 'indices': [24, 39]}, {'id_str': '193190413', 'screen_name': 'Vollegrond', 'id': 193190413, 'name': 'Fransjan de Waard', 'indices': [83, 94]}, {'id_str': '334535206', 'screen_name': 'DeBomenridders', 'id': 334535206, 'name': 'DeBomenridders', 'indices': [95, 110]}], 'urls': [{'url': 'https://t.co/04ObV9q6RX', 'expanded_url': 'https://twitter.com/i/web/status/815883892150456321', 'indices': [112, 135], 'display_url': 'twitter.com/i/web/status/8‚Ä¶'}]}"
530,810832062722605056,,,2016-12-19 13:00:02,76279716,greenSandco2,2381,2000,#CO2 opruimen tegen #klimaatverandering zoals de natuur het al miljoenen jaren doet met #CO2opruimer #Olivijn zand en split. Zo eenvoudig is het! #Olivine,2873,Sinds vorige week wordt er 4835 kg #CO2 opgeruimd in #DenHaag #Sliedrecht #Heerlen https://t.co/884HaMbMVf https://t.co/oQMk9Ugocb,1,LivingLuxuryNL,2,"{'symbols': [], 'hashtags': [{'indices': [35, 39], 'text': 'CO2'}, {'indices': [53, 61], 'text': 'DenHaag'}, {'indices': [62, 73], 'text': 'Sliedrecht'}, {'indices': [74, 82], 'text': 'Heerlen'}], 'user_mentions': [], 'media': [{'sizes': {'large': {'w': 535, 'resize': 'fit', 'h': 477}, 'thumb': {'w': 150, 'resize': 'crop', 'h': 150}, 'medium': {'w': 535, 'resize': 'fit', 'h': 477}, 'small': {'w': 535, 'resize': 'fit', 'h': 477}}, 'display_url': 'pic.twitter.com/oQMk9Ugocb', 'indices': [107, 130], 'media_url': 'http://pbs.twimg.com/media/C0B0dbOUAAMv4CX.jpg', 'url': 'https://t.co/oQMk9Ugocb', 'type': 'photo', 'id_str': '810775981799505923', 'expanded_url': 'https://twitter.com/greenSandco2/status/810832062722605056/photo/1', 'media_url_https': 'https://pbs.twimg.com/media/C0B0dbOUAAMv4CX.jpg', 'id': 810775981799505923}], 'urls': [{'url': 'https://t.co/884HaMbMVf', 'expanded_url': 'http://www.greensand.nl/doe-mee/kaart', 'indices': [83, 106], 'display_url': 'greensand.nl/doe-mee/kaart'}]}"
537,817006270980952064,,,2017-01-05 13:54:08,163058171,PdRarchitects,2169,1035,"Paul de Ruiter architects believes in the future. With a young, motivated team of architects, engineers and specialists, we build the world of tomorrow.",1041,Paul spreekt 9/3 tijdens een 1-Lecture over de CO2 neutrale samenleving. Tickets zijn te koop in de ARCAM webshop:‚Ä¶ https://t.co/XaRvdjGt7o,1,HamzahAhmadQ,2,"{'symbols': [], 'hashtags': [], 'user_mentions': [], 'urls': [{'url': 'https://t.co/XaRvdjGt7o', 'expanded_url': 'https://twitter.com/i/web/status/817006270980952064', 'indices': [116, 139], 'display_url': 'twitter.com/i/web/status/8‚Ä¶'}]}"
547,816943792930615296,,,2017-01-05 09:45:52,468649272,Forenser1,200,523,"Beweegt per fiets/trein. Efficient met energie, gewoon uit eigenbelang. 
Kalt wel eens raas en slaat soms ook wel kwink. Tweets op onpersoonlijke titel.",1391,"De publiciteitsstunt voor vegaprodukten duurt nu al een paar dagen. De VVD bewijst klimaat en dierenwelzijn een grote dienst.
#schnitzelgate",4,YKerstjens;SaskiaRamakers;vivavivera,5,"{'symbols': [], 'hashtags': [{'indices': [126, 140], 'text': 'schnitzelgate'}], 'user_mentions': [], 'urls': []}"
554,816991723691843584,,,2017-01-05 12:56:20,431770114,DNVGL_NL,518,308,Certificerende Instelling | NL | Audits | Training |o.a. ISO 9001 | ISO 14001 | NEN 7510 | ISO 27001 | MVO | CO2 | PSO | HACCP  | HKZ | VCA | EN 1090 | FSC |,1803,Voor een testcase over CO2 uitstoot is @Klimaatplein op zoek naar 3 bedrijven in Brabant.? Kijk op https://t.co/IhQDnFFyHe,0,[],1,"{'symbols': [], 'hashtags': [], 'user_mentions': [{'id_str': '312081748', 'screen_name': 'Klimaatplein', 'id': 312081748, 'name': 'Klimaatplein.com', 'indices': [39, 52]}], 'urls': [{'url': 'https://t.co/IhQDnFFyHe', 'expanded_url': 'http://www.klimaatplein.com/bedrijven-gezocht-testcase-werken-interne-prijs-op-co2-uitstoot', 'indices': [99, 122], 'display_url': 'klimaatplein.com/bedrijven-gezo‚Ä¶'}]}"
555,816366280135573508,,,2017-01-03 19:31:03,906436104,LaurierResearch,1005,405,Content added by Laurier staff represents official content. Opinions by others & RTs are their own. Tweets by the Office of Research.,9177,"RT @IRPP: .@Laurier profs @Tracy_Snoddon &amp; D. VanNijnatten talk federalism, #ClimateChange on a new #Podcast. https://t.co/RdvPfeIiJl",1,IRPP,1,"{'symbols': [], 'hashtags': [{'indices': [80, 94], 'text': 'ClimateChange'}, {'indices': [104, 112], 'text': 'Podcast'}], 'user_mentions': [{'id_str': '21221149', 'screen_name': 'IRPP', 'id': 21221149, 'name': 'IRPP/Policy Options', 'indices': [3, 8]}, {'id_str': '57121973', 'screen_name': 'Laurier', 'id': 57121973, 'name': 'WilfridLaurierUni', 'indices': [11, 19]}, {'id_str': '3973287639', 'screen_name': 'Tracy_Snoddon', 'id': 3973287639, 'name': 'Tracy R. Snoddon', 'indices': [26, 40]}], 'urls': [{'url': 'https://t.co/RdvPfeIiJl', 'expanded_url': 'http://options-po.li/2h9pOac', 'indices': [114, 137], 'display_url': 'options-po.li/2h9pOac'}]}"
557,816955345973243904,,,2017-01-05 10:31:47,312081748,Klimaatplein,4871,92,In 5 stappen CO2-neutraal ondernemen. Besparen & opwekken van duurzame energie voor bedrijven om klimaatverandering tegen te gaan. Check http://t.co/luyGXZ86,8395,Bedrijven gezocht voor testcase CO2-beprijzing. Meld je gratis aan en wordt duurzame koploper:‚Ä¶ https://t.co/PoIvRc6hky,8,FairClimateFund;EnergiefondsU;OSandick;janinecooijmans;Warmetruiendag;frankerwood;Dashupbeauty;PertaNL,20,"{'symbols': [], 'hashtags': [], 'user_mentions': [], 'urls': [{'url': 'https://t.co/PoIvRc6hky', 'expanded_url': 'https://twitter.com/i/web/status/816955345973243904', 'indices': [96, 119], 'display_url': 'twitter.com/i/web/status/8‚Ä¶'}]}"
575,816764384781418511,,,2017-01-04 21:52:58,769582939613069313,MISCQpapier,95,366,"Eerlijke, lokale producent van duurzaam, biologisch papier gemaakt van Olifantsgras uit Haarlemmermeer",98,Blij dat @MiscanthusHmeer helpt bij de #CO2-reductie en de #vliegveiligheid rondom @schiphol mbv #olifantsgras https://t.co/0NHjTbam0l,0,[],2,"{'symbols': [], 'hashtags': [{'indices': [39, 43], 'text': 'CO2'}, {'indices': [59, 75], 'text': 'vliegveiligheid'}, {'indices': [97, 110], 'text': 'olifantsgras'}], 'user_mentions': [{'id_str': '738195068', 'screen_name': 'MiscanthusHmeer', 'id': 738195068, 'name': 'Miscanthusgroep', 'indices': [9, 25]}, {'id_str': '8279892', 'screen_name': 'Schiphol', 'id': 8279892, 'name': 'Schiphol', 'indices': [83, 92]}], 'urls': [{'url': 'https://t.co/0NHjTbam0l', 'expanded_url': 'http://radar.avrotros.nl/nieuws/detail/nederlandse-vakantieganger-wil-vervuiling-niet-compenseren/?utm_source=twitter', 'indices': [111, 134], 'display_url': 'radar.avrotros.nl/nieuws/detail/‚Ä¶'}]}"
582,814353907090620416,,,2016-12-29 06:14:36,494094311,ADDenHaag,7159,1237,"AD Haagsche Courant, d√© krant voor Den Haag en omgeving. Tips kunnen naar grootdenhaag@ad.nl / 070-3190965",10648,"Leidschendammers met de windmolen langs de A4 voor hun neus, bereiden een schadeclaim voor tegen gemeente Den Haag https://t.co/PGtPMqrr4y",1,schalk_hans,8,"{'symbols': [], 'hashtags': [], 'user_mentions': [], 'urls': [{'url': 'https://t.co/PGtPMqrr4y', 'expanded_url': 'http://s.ad.nl/4440813', 'indices': [115, 138], 'display_url': 's.ad.nl/4440813'}]}"
586,815873709869252608,,,2017-01-02 10:53:45,211535270,marcelcrok,1847,2954,"Science writer, Amsterdam, speaker, climate, wrote A Sensitive Matter with Nic Lewis, tweets in Dutch/English",5961,Goed dat @FrankKalshoven de discussie over een CO2-prijs aanzwengelt in zijn column in de Volkskrant: https://t.co/giqdtHwqMI (1),2,MichielGO;Gjreindersnl,3,"{'symbols': [], 'hashtags': [], 'user_mentions': [{'id_str': '4286099669', 'screen_name': 'FrankKalshoven', 'id': 4286099669, 'name': 'Frank Kalshoven', 'indices': [9, 24]}], 'urls': [{'url': 'https://t.co/giqdtHwqMI', 'expanded_url': 'http://www.volkskrant.nl/opinie/klimaatbeleid-zonder-reele-co2-prijs-is-als-een-kerstboom-zonder-lichtjes~a4442030/', 'indices': [102, 125], 'display_url': 'volkskrant.nl/opinie/klimaat‚Ä¶'}]}"
590,815169478463987712,,,2016-12-31 12:15:23,297669586,bergbrabant,1045,825,Statenlid en vice-fractievoorzitter PVV Noord-Brabant .......... woordvoerder Infrastructuur en Energie.....,26590,"Windmolens besparen uiteindelijk geen gram CO2
Prof dr Mulder legt uit waarom: (linkje)
https://t.co/MHq6RV4HT6 https://t.co/Yj0RnMfZAQ",11,Woewillem;VanDenBoschHan1;info40402822;PeterNijlant;por911;sstuart57;urawazanl;KerstinMonika;Krid_Stems;ScarlattiBomba,25,"{'symbols': [], 'hashtags': [], 'user_mentions': [], 'urls': [{'url': 'https://t.co/MHq6RV4HT6', 'expanded_url': 'http://www.rug.nl/news/2014/03/05-machiel-mulder', 'indices': [88, 111], 'display_url': 'rug.nl/news/2014/03/0‚Ä¶'}, {'url': 'https://t.co/Yj0RnMfZAQ', 'expanded_url': 'https://twitter.com/rjklever/status/815121234488856577', 'indices': [112, 135], 'display_url': 'twitter.com/rjklever/statu‚Ä¶'}]}"
602,815119172053200896,,,2016-12-31 08:55:29,414136102,JanTerlouw,8290,54,jan terlouw,454,Klimaat (2): Een adequate CO2-tax zou een gelijk speelveld scheppen van duurzame en niet-duurzame energieopwekking.,61,fietsperikelen;HSiksma;xlpiano;LiefstLiefde;MiriamterBraak;Erik_Pennings;KarelBrits;Warmetruiendag;Klimaatzuster;NatuurIJburg;JorienEindhoven;BarryScholten;WoltersKluwWABO;PieterDeBruijn;eelcorommes;Myrthe2707;irmine;DaphneAH;morgenbart;houwelingenlive;SwartLiesel;NielsvanderSalm;ubachsben;musters_peter;hbebb,112,"{'symbols': [], 'hashtags': [], 'user_mentions': [], 'urls': []}"
615,816630565743063040,,,2017-01-04 13:01:13,112667790,Spant_Bussum,2379,933,Theater - Congressen - Evenementen Spant! voor iedere ontmoeting een podium,2441,Start je jaar met goede voornemens: organiseer je evenement 100% co2-neutraal! https://t.co/chkkjwtAdH,0,[],1,"{'symbols': [], 'hashtags': [], 'user_mentions': [], 'urls': [{'url': 'https://t.co/chkkjwtAdH', 'expanded_url': 'https://www.spantcongrescentrum.nl/onze-locatie/duurzaam-organiseren/', 'indices': [79, 102], 'display_url': 'spantcongrescentrum.nl/onze-locatie/d‚Ä¶'}]}"
620,808621895897780225,,,2016-12-13 10:37:38,2713104409,wmeijer4,1061,1399,willem drummer .,31877,"UN agenda 21/30  Hmm dat past wel in de agenda,wist u dat de Chinezen schijt hebben aan CO2 ? net als Trump weten d‚Ä¶ https://t.co/P0gqKneXAj",0,[],2,"{'symbols': [], 'hashtags': [], 'user_mentions': [], 'urls': [{'url': 'https://t.co/P0gqKneXAj', 'expanded_url': 'https://twitter.com/i/web/status/808621895897780225', 'indices': [117, 140], 'display_url': 'twitter.com/i/web/status/8‚Ä¶'}]}"
622,817101515139796992,,,2017-01-05 20:12:36,1381356420,DirkVercammen,261,141,President FEE - Flanders. Member ISC Learning about Forests (LEAF). Author.,3434,"Zwerfvuil 40% verminderen &amp; CO2 sparen, waarop wachten we in Vlaanderen? @StofDelatter @MathiasB9 @UNIZOvzw‚Ä¶ https://t.co/T0mc2FwRZF",1,ReverseVending,1,"{'symbols': [], 'hashtags': [], 'user_mentions': [{'id_str': '1687782091', 'screen_name': 'StofDelatter', 'id': 1687782091, 'name': 'Christof Delatter', 'indices': [77, 90]}, {'id_str': '829597112', 'screen_name': 'MathiasB9', 'id': 829597112, 'name': 'Mathias Bienstman', 'indices': [91, 101]}, {'id_str': '105159792', 'screen_name': 'UNIZOvzw', 'id': 105159792, 'name': 'UNIZO', 'indices': [102, 111]}], 'urls': [{'url': 'https://t.co/T0mc2FwRZF', 'expanded_url': 'https://twitter.com/i/web/status/817101515139796992', 'indices': [113, 136], 'display_url': 'twitter.com/i/web/status/8‚Ä¶'}]}"
628,816343564879876096,,,2017-01-03 18:00:47,2243905657,AllFixedNieuws,405,447,"Vaste Servicekosten, Technisch Management en Technisch Due Diligence zijn de pijlers. Zo weet je vooraf altijd waar je aan toe bent!",784,Wij helpen huurders om hun CO2-uitstoot te verminderen met wel 25%! Dit bespaart al een hoop energie.‚Ä¶ https://t.co/jFIfXRUvZC,0,[],2,"{'symbols': [], 'hashtags': [], 'user_mentions': [], 'urls': [{'url': 'https://t.co/jFIfXRUvZC', 'expanded_url': 'https://twitter.com/i/web/status/816343564879876096', 'indices': [103, 126], 'display_url': 'twitter.com/i/web/status/8‚Ä¶'}]}"
