source,target
CodeRotterdam,enroctoob
GsSchutter,GerWijnhoven
jackiewp75,johan_emmens
coverklift,Niek1953
HermanOevermans,jeroenschrijft
PietSchuur,Pieter_Kos
w1con,remcodb
PcmPaulien,roosvonk
evert2508,decorrespondent
TinekeHomans,gjvu
Introversum1,roosvonk
LaurensKuijper,timbales
rooshaverman,roosvonk
TheGrey45,bergbrabant
marianterhaar,MarikenLeurs
DeHollanderL,bergbrabant
Jan_Pijnenburg,bergbrabant
Wilcobonekamp,johan_emmens
KwekerijWesthof,johan_emmens
shekiba_K,stadsLAB_Saxion
raymondscheep,johan_emmens
J_Kiers_Lelies,johan_emmens
shekiba_K,TheodeBruijn
GertVeninga,johan_emmens
rboere79,enroctoob
AndreVanDelft,Infocadl2015
lUUk1963,Infocadl2015
JackMarsman,Infocadl2015
fvdscipio,vlietnieuws
IbnalAshraf,Infocadl2015
LittleStanford,NielsWaarlo
marizsmn,Infocadl2015
Percolator_HNJ,Infocadl2015
ipsum_peter,ssalut
installatiecoop,TrouwGroen
Brigitte_Gabel,roosvonk
E__Broekhuizen,roosvonk
aliettejonkers,roosvonk
harrison33601,TrouwGroen
HoitinkJ,johan_emmens
chiene2,LeoNijhuis
e_alzer,030Natuurlijk
MarijnPrakke,RikSeveke
OurLoggerboy,Pieter_Kos
RobinvdBles,enroctoob
stophoutrooknu,LeoNijhuis
ChrisMonastir,ErnstLissauer
Edvdijk,gjvu
petervlelieveld,ErnstLissauer
bolleauk,ErnstLissauer
uri4u,ErnstLissauer
gijsbertsbert,johan_emmens
frankbuijs,enroctoob
fvdstadt,Mopperwezen
Simon_Benjamins,johan_emmens
fvdstadt,temboREP
fvdstadt,siegerdb
hansklaassens,johan_emmens
ouden57,johan_emmens
FrecherJacques,enroctoob
Hans_Gruenfeld,enroctoob
basdobbelstein,enroctoob
fvdstadt,DiffCoa
Remon25P,decorrespondent
RonHerscheit,Jongderik
Ennodewitt,Jongderik
BGAdvise,gjvu
PDuisenberg,enroctoob
willemdejager67,RikSeveke
remcovvd,enroctoob
fritsdekaart,RondjeGoes
buddendorf,Francolinie
Bluesbarn,henknijhof
HansLak,DickElk
geoneer,FBrand2
ajwillems,cmsNetherlands
Edvdijk,gjvu
D66Nuenen,AMSpierings
scharrelwild,johan_emmens
Rolf_Oldejans,decorrespondent
Marleentje71,gjvu
Frans_Bosch,rekenk4mer
Sietske_deJong,decorrespondent
thorbeckestraat,decorrespondent
hemaloart,decorrespondent
C_Hermus,johan_emmens
joshollegien,DuurzaamNieuws
jvanamsterdam,gjvu
milieucentrum,DuurzaamNieuws
GeertRoovers,TheodeBruijn
mirjamboode,AlfonsWispels
GWReichswald,rekenk4mer
PelleboerHenk,johan_emmens
BlitAgro,johan_emmens
arjanpakkert,johan_emmens
Gigawiek,kritischewind
LDamenEvers,FransVerouden
Gigawiek,Frans_Bosch
Eric_Limburg,macharoesink
Benjijduurzaam,Benjijduurzaam
henriette1608,roosvonk
LinkseN8merrie,Nexitmarie
DbergV,HighwaymanNH
sstuart57,GenoegNL
JogaBrouwers,ReporterRadio1
eefdetegenwind,rekenk4mer
Verkiezing_2018,HendrikVuye
NatasjaLuiten,VitaleGroenStad
mariuslkk,JoesvanAsten
AtyBoers,roosvonk
maukstudio,jeroenschrijft
joukjebroier,roosvonk
HermansHoning,roosvonk
FransVerouden,AMSpierings
RudiBeeken,OVLDTieltWinge
HenkEikenbroek,remcodb
darwinvink,jeroenschrijft
TanyaVoorne,FleetwiseNL
wmmckenz,Dot1144
KOffringa,roosvonk
EcoMovehouten,Forenser1
BertineOosthoek,roosvonk
weyerwin,HendrikVuye
Klimaatactie,Vision23
DannyWijnhoud,TrouwGroen
HermanGalle,roosvonk
tweet_t_c,roosvonk
donkeredagen,gjcats
UC_Technologies,jeroenschrijft
Koningsfruit,roosvonk
JosOlivier,wijnandj
JosOlivier,apvermeulen
JosOlivier,WRRDuurzaamheid
JosOlivier,Willem_GP
JosOlivier,timbales
WilcovanderBas,ReporterRadio1
leendertdouma,roosvonk
SikkemaHarry,AlfonsWispels
Jansons19,henri_zuber
RonRonMes,remcodb
MichelHoetmer,roosvonk
ESouverein,jeroenschrijft
MikeGoudemond,AlfonsWispels
ptr_hbrts69,jeroenschrijft
MikeGoudemond,greenportnhn
robvanderrijt,EduardvanB
Klimaatplein,EduardvanB
Klimaatzuster,roosvonk
martinaddvision,KenniswerfZld
JoeriThijs,BeterLeefmilieu
demakersvan010,ReporterRadio1
mauricespecht,ReporterRadio1
drjelledevries,roosvonk
Innogreenvof,NLgreenlabel
op_texel,remcodb
BrendanTexel,remcodb
TomNijsen,BeterLeefmilieu
KassandraTroy,ErnstLissauer
peterverduin,greenportnhn
diedemink,jeroenschrijft
MarcoSteek,remcodb
TopsectorTU,rolandkok
Climate_Express,BeterLeefmilieu
johanna_adt,henri_zuber
Sandervdw,EnecoNieuws
CDADuurzaamDZB,DickElk
Walter07071960,bergbrabant
RegioAlkmaar,greenportnhn
krommenie,DickElk
RuimteOrdening,Benjijduurzaam
GJSchaeffer,energienieuws
adri_houweling,HetKrantje
BasisinkomenA,ADDrenthe
HansGilissen,energienieuws
FrankBorstArt,jeroenschrijft
TegenwindAlblas,rekenk4mer
MennoLudriks,HetKrantje
hgeurts,Ton_Overmeire
Alextim63,henri_zuber
cockyschalk,rekenk4mer
cockyschalk,HetKrantje
Peterbruijns,JanMuijtjens
LStute,EnecoNieuws
KurtvanKasteren,WeegmeesterG
nielshogeweg,FOGOL
NORMABEATRIZEC4,henri_zuber
HellenSluiter,Vision23
MirandaMesman,NLgreenlabel
daschoenmakers,KeesvDaalen
C_U_R_E,jeroenschrijft
SaskiaG_MD,TrouwGroen
3MOOostflakkee,HetKrantje
KLageweg,jeroenschrijft
addyrutgers,jeroenschrijft
3MOOostflakkee,rekenk4mer
MartijnFSnl,rekenk4mer
3MOOostflakkee,Logisticsau
ErikVeltmeijer,rekenk4mer
csbkkr,TrouwGroen
idac1957,henri_zuber
BurenLageWeide,HetKrantje
peterpolder,jeroenschrijft
ockhams,rekenk4mer
bergbrabant,rekenk4mer
hugovandenberg2,Matthijs85
ArabelGroene11,MarikenLeurs
UniperNieuws,remcodb
jeroen1huizinga,rekenk4mer
sstuart57,rekenk4mer
chiene2,frisian1
steen020,ockhams
TopogigioRini,ockhams
Hobbyverslaafde,ockhams
Matthijs85,Matthijs85
PP_amsterdam,Matthijs85
PiratenNH,Matthijs85
LievenTailly,ockhams
benhoogendam,AlfonsWispels
call4cleanair,BeterLeefmilieu
Gigawiek,Logisticsau
OCF2NBM,TrouwGroen
stophoutrooknu,frisian1
Gigawiek,HetKrantje
OlifaNT,Frans_Bosch
Duurzaam_Doen,Man_Impact
TAKERacer,remcodb
ingridgiebels,remcodb
dvlankeren,AlfonsWispels
aadvanuffelen,NLgreenlabel
D66DeBilt,NLKantelt
bomenconsulent,NLgreenlabel
ArtsRajah,henri_zuber
TheodeBruijn,stadsLAB_Saxion
hans_koopmans,remcodb
FrecherJacques,remcodb
RHoijtink,Klimaatplein
NatuurKiekers,BoswachterRob
KlaasPals,remcodb
MVijftigschild,jeroenschrijft
rboere79,enroctoob
robertvantuinen,remcodb
wv012,ManuelSintubin
boudivv,Matthijs85
depauw_m,BeterLeefmilieu
FishRuleEarth,Frans_Bosch
ronlambalk,Frans_Bosch
gdleuven,ockhams
GeertVerrijken,aktweetsbe
deheij,HendrikKaput
WattisDuurzaam,RNTMSTR
OP_Nederland,Klimaatplein
Hans_Gruenfeld,remcodb
JosVink1,johnnybull_
Klimaatplein,AMSpierings
H_J1966,razzzmat
Leentje_7,jeroenschrijft
johnvandersleen,remcodb
fredje23,TrouwGroen
KeijenvanEijk,jeroenschrijft
_jona_s_,WimSoons
NicoPlantenga,TrouwGroen
TNeijs,AMSpierings
rboere79,heuvel_stijn
Monicafalck,roosvonk
Marieke_v_Duijn,jeroenschrijft
sandervanwillem,remcodb
ArnoUijlenhoet,AMSpierings
HSchouffoer,remcodb
HighwaymanNH,Matthijs85
ern_abart,cmsNetherlands
avdvnmg,hanscees
miekeroth,Matthijs85
roellenoir,roosvonk
MarcelSpan,AlfonsWispels
marieke_werf,remcodb
fschuurk,Vision23
Djoedit,SabinedeVos
BaukelienK,roosvonk
sering80,Cumulus1966
JohnSluijmers,remcodb
Atlas_NK,NLgreenlabel
Richardpltcs,roosvonk
GreenOfficeRUG,Klimaatagenda
mila_schretlen,roosvonk
jefwintermans,roosvonk
corte_gerard,ockhams
mgbouwman,R_de_Collier
bcverhaeghe,roosvonk
AMLandskab,TheodeBruijn
heuvel_stijn,JorisW_GP
heerlijkheiddeh,jeroenschrijft
PeterLechner,roosvonk
kent_follo,jeroenschrijft
MiekeKessels,AMSpierings
erikvandijk99,TrouwGroen
cecilevisscher,cmsNetherlands
Ron31826444,cmsNetherlands
krommenie,jeroenschrijft
AntiEU2,DrBertSmits
m_joserodriguez,EnecoNieuws
BouckaertA,ockhams
HetBlauweHart,FOGOL
tejomid,remcodb
heerlijkheiddeh,TrouwGroen
ArmandVervaeck,CarlOlivier5
avanewijk,remcodb
JackvdVorst,Bommelk
arjanvdhoogen,Klimaatnieuws
IntResLivLab,remcodb
Nuonnieuws,remcodb
harmjanidema,remcodb
timmoterpstra,BertJongert
LenaSwan,remcodb
eriktimco,roosvonk
josborsboom,CarelvanSanten
infoweer,Ton_Overmeire
borst297,TrouwGroen
mathiasmeys,BionextTweets
ivovdvm,ockhams
RikZeeuwen,stadsLAB_Saxion
RikZeeuwen,TheodeBruijn
RikZeeuwen,stadsLAB_Saxion
mathiasmeys,MartijnTonies
HarrySuilen,jeroenschrijft
VDCtweets,duurzaaminkoop
gwsiemerink,AlfonsWispels
GerkeDraaistra,Energiecomm
ReneDamkot,AlfonsWispels
DenisFrissen,jeroenschrijft
KatjavanNus,jeroenschrijft
dees_frederiks,jeroenschrijft
IwanBodde,AlfonsWispels
RalfBodelier,RalfBodelier
PatrickAJansen,jeroenschrijft
kritischewind,GeertGooris
marcvanerp,lientje1967
JvDorp,remcovvd
ITookYourName,jeroenschrijft
Klimaatzuster,jeroenschrijft
manekibs,henri_zuber
arjanvdhoogen,TrouwGroen
SchneiderHans,jeroenschrijft
BillWijdeveld,Jongderik
KOffringa,jeroenschrijft
KapsVoula,henri_zuber
815ToNoWhere,ockhams
IngPeeters,ockhams
marizsmn,Jongderik
focusonamerica,WouterZwart
BurtBig,TheodeBruijn
shakey3904,jeroenschrijft
JoeriThijs,BeterLeefmilieu
Ennodewitt,Jongderik
jvanderklauw,jeroenschrijft
jvanderklauw,JosReinhoudt
SimonsJeanine,ockhams
Ch010560,lientje1967
localglobalsky,MathiasB9
ecowriterNL,TrouwGroen
angeliquekuut,EnecoNieuws
ChrisKoolloos,SocEntNL
kapsalonJenny,Groenwerf
josthysams,ockhams
jefwintermans,WouterZwart
MarkHesterman,jeroenschrijft
O_316,rekenk4mer
ratheld,TrouwGroen
alutechnic,GeertGooris
PaulSmeulders,BKBAcademie
troylo7,henri_zuber
MariaKolossa,TrouwGroen
manonzw,TrouwGroen
AnasCortezReina,Krapuul
carlahoffschult,jeroenschrijft
arnethieme,SP_Assen
atlantishandel,greenportnhn
kari_haf,EnecoNieuws
AntonLips,VitaleGroenStad
sssnappie,jeroenschrijft
bergbrabant,rekenk4mer
kremerpeter6,lientje1967
MennoLudriks,henri_zuber
Gigawiek,rekenk4mer
Gigawiek,henri_zuber
taradomio,henri_zuber
christa090670,EnecoNieuws
PaulettevOmmen,SocEntNL
zorgisleuk,rekenk4mer
elisaveini,TrouwGroen
AlbertPasterkam,gjvu
moniquevanwijk,EVConsultNL
Outappel,jeroenschrijft
NettieKlompsma,kovanhuissteden
AngelsWriteNow,TrouwGroen
InkUtv,henri_zuber
JochumD,de_rixt
a_vermeij,Schiedam_wtf
VarkensinNL,lientje1967
NVVnieuws,lientje1967
arjanpakkert,lientje1967
MBeukeboom,TrouwGroen
hjnijman61,jeroenschrijft
ChampagneJMG,Brouzje
willemlageweg,TrouwGroen
willemlageweg,jeroenschrijft
revalidatie_NL,DeHoogstraat
Gabyvanhagen,DeHoogstraat
BorroniAnna1,henri_zuber
nsknsd,jeroenschrijft
tilned,DrGertJanMulder
NeijensJan,ockhams
OllieBMichel,gjvu
Bokma85,PrangerRosier
fschuurk,jeroenschrijft
LiesWeder,jeroenschrijft
CoenenDan,VitaleGroenStad
Wim_De_Meester,ockhams
HesselKruisman,jeroenschrijft
mlefhoogendoorn,EnecoNieuws
1varkensgeluid,johnnybull_
HeleBoer,jeroenschrijft
JackCobus1,ockhams
Aaahmehoela,ockhams
DocYvan,ockhams
schipbeekwind,rekenk4mer
SustLivingBe,BeterLeefmilieu
AaltjeSaarloos,HenriBontenbal
fjderidder,Groenwerf
janinecooijmans,jeroenschrijft
EmkeMol,Vision23
GsSchutter,gjvu
GsSchutter,lientje1967
1Juleke,ockhams
MaritMeier,TrouwGroen
aztinstallatie,HelderSchrift
navverheul,Vision23
ART_TOUT,henri_zuber
Eric_Limburg,kovanhuissteden
angelakanters,EnecoNieuws
Johnerous,gjvu
RuudKosters,gjvu
betha1212,lientje1967
ApusNL,HenkDaalder
Martin_vos,CO2Adviseurs
JaapJongejan,zonheuvel
huykman,WBN_NL
erikdw001,DrBertSmits
tcorneillie,BeterLeefmilieu
GerWijnhoven,jeroenschrijft
Heidewachtel_B,jeroenschrijft
onnohoekstra,WBN_NL
studio23nu,TrouwGroen
JosPetersTRA,ockhams
timbales,FluxEnergie
eefdetegenwind,gjvu
AlfaJaak,ockhams
DJAlssema,Groenwerf
Dries_Mulder,lientje1967
Eric_Limburg,TrouwGroen
hemaloart,TrouwGroen
fleckveeboertje,lientje1967
ericminnoye,ockhams
robwijnberg,bartcrezee
nielshogeweg,kovanhuissteden
RichardWouters,JorisW_GP
ChrisBerkvens,ockhams
timbales,HenkDaalder
RinskeGreenWish,TrouwGroen
Sailors4Sustain,TrouwGroen
carolinewerf,Groenwerf
PetraLigtenberg,jeroenschrijft
podevyns,ockhams
AngeliqueWinder,jhmommers
fschuurk,Vision23
ESouverein,WouterZwart
CruellaCritical,WouterZwart
boudivv,jeroenschrijft
EcoMovehouten,mvanderKist
ScarlattiBomba,MaxSchoo
duurzaamkantoor,Klimaatagenda
12c34c,ockhams
GeertsJP,BeterLeefmilieu
RayLaenens,Frans_Bosch
NielsWaarlo,vancalmthout
rogerbruyns,DrBertSmits
Klimaatzaak,sergedg
Yaskeay,mvanderKist
ScarlattiBomba,bergbrabant
GerWijnhoven,lientje1967
joslange2,lientje1967
Walk497,ockhams
Respect_4life,peerderijk
Janlambr,ockhams
PvdDAmstelveen,TrouwGroen
kovantergouw,TrouwGroen
naussi_lemens,ockhams
FannoreFerazhin,TrouwGroen
peterdekock,TrouwGroen
HermanPloem,TrouwGroen
jmajudith,jeroenschrijft
LosCornelis,mvanderKist
StichtingKAO,Groenwerf
tonlijten,WouterZwart
petrosheinnn,tourre_miriam
MarcJacobs500,ockhams
Beautiful_Cups,JosReinhoudt
reinywielsma,jeroenschrijft
Esselbrugge,TheodeBruijn
KarindeBruijn,jeroenschrijft
MinasyanAreg,tourre_miriam
WeteringNL,timbales
Veerman_Edward,ockhams
birgitklomps,DeHoogstraat
petrakramer,TrouwGroen
SiegbertvdVelde,JorisW_GP
lennartgraaff,EnecoNieuws
Rik3080,ockhams
Jacq020,TrouwGroen
Jacq020,jhmommers
Dame2010,ockhams
benignopf,henri_zuber
piep_kuiken,ockhams
JanOveresch,jeroenschrijft
WillemvanValen,EnecoNieuws
wimvangils,BeterLeefmilieu
tonnoorhoff,ockhams
lutgroenez,ockhams
BGAdvise,ockhams
petertbier,jeroenschrijft
JanKuiper2,Groenwerf
Ilsemiedema,kovanhuissteden
steltenpower,jhmommers
guidobik,jeroenschrijft
DriesVleugels,bronsgroenlim
ernatraanberg,010byday
schylgemedia,gjvu
AvanHolstein,jeroenschrijft
BrantChil,ockhams
erikdw001,ockhams
marjanminnesma,jeroenschrijft
marqdevries,ADDenHaag
marjanminnesma,Klimaatagenda
vlaams_leeuwtje,ockhams
bio_vincent,jhmommers
mjruiken,jeroenschrijft
CurlyMoustache1,ockhams
Ronbooij81,WouterZwart
MartjanKuit,jhmommers
Saxion,stadsLAB_Saxion
ArjanLucius,jhmommers
chiene2,WRRDuurzaamheid
nvde,EnecoNieuws
FlikFluimsnor,ockhams
urgenda,jhmommers
urgenda,TrouwGroen
urgenda,Klimaatagenda
JohanLok1,jeroenschrijft
GroeneZaken,CO2Adviseurs
lennarthuizing,JorisW_GP
TomNijsen,EnecoNieuws
volkinnood,ockhams
Frank_DS,ockhams
berber1904,boerbewust
BLOCnl,EnecoNieuws
lisette_vdmeer,EnecoNieuws
GSROtweet,stadsLAB_Saxion
36sandjes,jeroenschrijft
RdonkBroccoli,boerbewust
WZConsultancy,JoVandeurzen
ingridgiebels,TrouwGroen
BlitAgro,gjvu
rekenk4mer,gjvu
TommNomNomNom,jeroenschrijft
Cocoamok,jeroenschrijft
steltenpower,stadsLAB_Saxion
alavangelder,EnecoNieuws
ApusNL,jeroenschrijft
Frank__Evers,TheodeBruijn
stevenV_be,ockhams
LeeflangHans,TheodeBruijn
stadsLAB_Saxion,TheodeBruijn
VarkensVandaag,johnnybull_
manuelbeterams,TrouwGroen
greenarkpress,TrouwGroen
anne_knol,TrouwGroen
Edvdijk,gjvu
HSchouffoer,EnecoNieuws
Go4greatest,ockhams
willemjoustra,gjvu
KMSchreuder,jeroenschrijft
AngeliqueWinder,WRRDuurzaamheid
Klimaatagenda,WRRDuurzaamheid
AngeliqueWinder,TrouwGroen
steltenpower,TrouwGroen
Krishnafred,ockhams
PetrusPostma,EnecoNieuws
Klimaatverbond,TrouwGroen
ondernemersNu,Klimaatzuster
sstuart57,gjvu
Saxion,TheodeBruijn
HiskeRidder,TheodeBruijn
Marjolein0174,EnecoNieuws
MarikaMarku,010byday
BKiekendief,ockhams
WNiemegeers,ockhams
bennileemhuis,jeroenschrijft
kieldiep,henri_zuber
StraverFrank,TrouwGroen
Scapeler,jeroenschrijft
HuubHalsema,EnecoNieuws
Krijn_J_Poppe,Bommelk
michielvdrunen,jeroenschrijft
Arie_Spruit,EnecoNieuws
winnydijkstra,ockhams
AgroEnergy_NL,EnecoNieuws
Ri_s_PieterKorf,PieterRIS
orthopeer,ockhams
RonNagtegaal1,gjvu
WalterDigneffe,ockhams
jassogne,ockhams
GuyStynen,ockhams
jitsetalsma,JosReinhoudt
JIN_Climate,WRRDuurzaamheid
WattisDuurzaam,AlexanderCram
PvdDZaanstreek,TrouwGroen
StopSteenkool,fschuurk
StopSteenkool,krispijnbeek
guyvansanden,ockhams
KarinVanRoyen,ockhams
WalterMaes2,ockhams
AnnaSchoemakers,jeroenschrijft
Judo_Bakker,TrouwGroen
Willem_GP,jeroenschrijft
Judo_Bakker,jeroenschrijft
joopel,WRRDuurzaamheid
RISurk,PieterRIS
timbales,WRRDuurzaamheid
HenkLinnemann,de_rixt
Polder_PV,JvDorp
Polder_PV,jeroenschrijft
HoeveAckerdijk,jeroenschrijft
Profacility_FR,ZorgAndersTv
PeHaring,Klimaatagenda
robvanderrijt,Klimaatagenda
Annelike_D,jeroenschrijft
PeHaring,jeroenschrijft
LaurievdBurg,jeroenschrijft
TheanneBoer,TrouwGroen
Klimaatplein,Klimaatagenda
masterprogram1,VitaleGroenStad
hanscoppen,TrouwGroen
wesselsimons,jeroenschrijft
Egbert1948,C_Groenendijk
hanscoppen,AlfonsWispels
luucchristensen,jeroenschrijft
MoniqueLamers1,TrouwGroen
pulpdeluukse,jeroenschrijft
pietvanlingen,jeroenschrijft
JrgnHoogendoorn,jeroenschrijft
CeesJan_Straver,ockhams
hanscoppen,jeroenschrijft
RobsTwitts,TrouwGroen
simon_miske,TrouwGroen
lieselotmeelker,jeroenschrijft
LarsMoratis,TrouwGroen
Manon_Klein,TrouwGroen
ProRealestateBE,ProfacilityBE
IUCNNL,TrouwGroen
giraffke,vvsg
DickSchaapNL,TrouwGroen
BosmaHans,jeroenschrijft
Bartissimus,Koetsie
GijsvWijk,jeroenschrijft
marcp1952,decorrespondent
GijsvWijk,TrouwGroen
MVO_NL,JosReinhoudt
aireasnl,jeroenschrijft
ProfacilityBE,ZorgAndersTv
IngPeeters,ockhams
TrouwGroen,TrouwGroen
addyrutgers,TrouwGroen
BGAdvise,ockhams
magdasmink,jeroenschrijft
rebelryan77,TrouwGroen
steltenpower,jeroenschrijft
marionhelmers,jeroenschrijft
AnnieVisschers,jeroenschrijft
adoolan34,de_rixt
PrinsAlexander,nederlandschoon
sstuart57,de_rixt
JoopBouma,TrouwGroen
LucianusMagnus,agrochemie
64alexz19,jeroenschrijft
PvdDEindhoven,jeroenschrijft
PerryvdArend,jeroenschrijft
O_316,de_rixt
frisian1,jeroenschrijft
anne_knol,jeroenschrijft
aadvanuffelen,TrouwGroen
verroken,ockhams
FoodProNetwork,AirLiquideBNL
Eva_Lynn_,Valentine_D_
JokeHermsen,jeroenschrijft
Henk_Fietst,jeroenschrijft
RuimteOrdening,Vision23
PVerbeek,decorrespondent
GREnergie,Vision23
tombogman,jeroenschrijft
hkleinti,GroenLinks020
StefanCoucheir,jeroenschrijft
MendyVinke,TomvanderLee
bartcrezee,decorrespondent
HSchouffoer,sinasalim
harutt,jeroenschrijft
OudeStadt,AmEcBoard
JoMaas,jeroenschrijft
dicovanvliet,jeroenschrijft
RovanZon,jeroenschrijft
AngeliqueWinder,Scapeler
JorisW_GP,jeroenschrijft
hemaloart,Klimaatplein
MarcoSteek,Vision23
frisian1,Scapeler
MissTie,jeroenschrijft
rhaar000,jeroenschrijft
lisadeveltere,jeroenschrijft
DKoelega1,Klimaatplein
PietSchuur,jeroenschrijft
huisartsalbert,C_Groenendijk
franca_horst,Klimaatplein
HistoryWorldArt,henri_zuber
Klimaatplein,Vision23
Klimaatplein,PureEnergieNL
LetsWebShop,DuurzaamBV
Itsme167,Klimaatplein
RogiervanMeenen,Vision23
krispijnbeek,Vision23
DannyFietst,jeroenschrijft
mijnenergie2050,sinasalim
JolandaHeistek,KeesvDaalen
henknijhof,TomvanderLee
MennoBroers,Vision23
AJCvWijk,Vision23
reinouts,jeroenschrijft
Raphque,DrBertSmits
LintHans,Valentine_D_
bobbrand_nl,Vision23
ArnoUijlenhoet,jeroenschrijft
chiene2,Scapeler
HuubHalsema,Vision23
roos020,erikbouwer
BKiekendief,ADDenHaag
edithbijnens,bronsgroenlim
Climate_Express,MissTie
JosOlivier,Vision23
kritischewind,Frans_Bosch
MonitorMonkey1,chantalcoolsma
JAvanLeerdam,jeroenschrijft
petervandijck1,jeroenschrijft
Iko_Nal,DrBertSmits
InspirAktie,jeroenschrijft
RuudvanTendris,peerderijk
EwoutJansen,jeroenschrijft
visuele,C_Groenendijk
ZwolleAanZee,jeroenschrijft
riemersma40,C_Groenendijk
siegerdb,jeroenschrijft
natuurlijkDev,VitaleGroenStad
AvantposteEu,henri_zuber
poels_j,jeroenschrijft
martijnen,jeroenschrijft
TheMoneyBowl,henri_zuber
HuberGezondFit,olofvdgaag
bunnygail1977,henri_zuber
rolfschipper,jeroenschrijft
jihib_tw,henri_zuber
djwolter_nl,jeroenschrijft
igsan_madr,henri_zuber
kittekat4,jeroenschrijft
gdleuven,DrBertSmits
noneofyrbsnss,sjwxmpi
jannyvdbogert,jeroenschrijft
fozziebeertje,DrBertSmits
rubengeradts,WURmarine
marlaila,C_Groenendijk
maartenbakkerch,C_Groenendijk
monstervanwkoop,jeroenschrijft
ansbouter,C_Groenendijk
micheleggermont,C_Groenendijk
monstervanwkoop,knakdeworst
bmolaa,jeroenschrijft
NVerdaasdonk,jeroenschrijft
toinecooijmans,jeroenschrijft
TuindorperUtreg,jeroenschrijft
birdutterance,jeroenschrijft
hansdegeus,jeroenschrijft
TwentseWelle,WiljaJurg
InnovatieLink,sinasalim
TomNijsen,bronsgroenlim
B2BAltena,ZZPGemak
xguppiex,jeroenschrijft
MakerFestTwente,WiljaJurg
CleoMatra,jeroenschrijft
JanMVink,jeroenschrijft
equus_morte,jeroenschrijft
stokkink,jeroenschrijft
robdenijs,jeroenschrijft
LauraBromet,jeroenschrijft
Annappanna,jeroenschrijft
brafot,Vision23
ReneDamkot,jeroenschrijft
JeltjevanHouten,jeroenschrijft
MHilkens,jeroenschrijft
PvdDTilburg,jeroenschrijft
Ingrid_Weel,jeroenschrijft
wallie011067,Vision23
timo_veen,Energiecomm
MichielvZuijlen,jeroenschrijft
waterdutchman,WURmarine
sering80,Cumulus1966
HelmaVerberkt,WURglas
paulinewes,peerderijk
henknieboer,WURmarine
AngeliqueWinder,Scapeler
yolandasikking,Voslin
HSchouffoer,Vision23
marjanminnesma,Vision23
wishgom,henri_zuber
TheaPotharst,SP_Assen
alert_blijven,DrBertSmits
zigzagsolar,Energiecomm
MarcoOut,SP_Assen
bertroete,ArnhemsKlimaat
AJCvWijk,Vision23
steltenpower,AlfonsWispels
steltenpower,olino_duurzaam
kvkofficieel,vanmarcke
ThijsHaver,Energiecomm
heerlijkheiddeh,Willem_GP
Monalisazelf,Scapeler
geothermie_nl,KeesvDaalen
fampoes,gjvu
csbkkr,KoosWijbenga
heerlijkheiddeh,RoelClement
PeHaring,KoosWijbenga
EddyBSB,DrBertSmits
wilfriedwippers,DrBertSmits
HermansHoning,Klimaatzuster
wolgebruik,tegenwindvoorst
VitaleGroenStad,hbest1982
dmtgkh,Scapeler
Rotterdam1971,Valentine_D_
DjornNoordman,hbest1982
sering80,Scapeler
sssnappie,joostbrinkman
PaulSap72,KeesvDaalen
SSWSterk,climategateNL
JoostVerhagen,hbest1982
Toekomst4,tijdvooreten
janlucvaneijk,knakdeworst
veenhuizenauto,veenhuizenauto
NancyGoossens,knakdeworst
hansmarsk,SP_Assen
AikmeeuseA,GroenLinks020
Johnerous,remcovvd
manahaas,gjvu
SaskiaG_MD,rolfschipper
lagendijk16,wmeijer4
ZohrabyanArsen,henri_zuber
dancing_violet,henri_zuber
HoeplaHoepla,Valentine_D_
KurtSchoonbaert,vvsg
mjruiken,oneworldnl
TomNijsen,ZeronautBe
ClaudiaMinreyl,henri_zuber
Klimaatzaak,ZeronautBe
karen_vds,Belfius
AGThijssen,WURmarine
tuquitogood1990,henri_zuber
HenkJanEbbers,ljwassink
JJM36,Frans_Bosch
timlester456,henri_zuber
YvienneVDBerghe,Frans_Bosch
Tovenaarsberg,gjvu
RaaJudit,rolfschipper
kritischewind,Frans_Bosch
ezu_yar,henri_zuber
kvanschieveen,WarecoNL
moi_fp,henri_zuber
Emsky,Klimaatplein
Welzijnsverbond,JoVandeurzen
soumyajitdey7,henri_zuber
404tornosubito,henri_zuber
pboucneau,rolfschipper
nieuwDamcentrum,ADDenHaag
fonsvanderplas,vancalmthout
bramvanliere,rolfschipper
wzn256,DrBertSmits
denisepronk,Energiecomm
LarsMoratis,Klimaatzuster
BewonerVeenkolo,de_rixt
DavidLeyssens,ZeronautBe
CiccioFrom7,henri_zuber
AGaublomme,ZorgAndersTv
navverheul,timbales
JosPetersTRA,DrBertSmits
Violinka1870,henri_zuber
WNiemegeers,DrBertSmits
pboucneau,bronsgroenlim
thesainttwit,Simon_Rozendaal
kpenakok,WarecoNL
fieldfactors,WarecoNL
BOYAR1947,henri_zuber
LutgartEnis,DrBertSmits
adamsguild,henri_zuber
TomNijsen,KlimaatLimburg
rekenk4mer,remcovvd
HermanHobert,VanUdenLT
DirkGerard,DrBertSmits
hansbothe,WURmarine
SaskiaG_MD,rolfschipper
gbroucka,mondiaalnieuws
hadi_seyreyle,henri_zuber
hanolff,vancalmthout
BasElfrink,volkskrant
pootlam,Frans_Bosch
boeseric67_boes,henri_zuber
wankja,BionextTweets
2015Geetanjali,henri_zuber
LetsWebShop,DuurzameD
LetsWebShop,DuurzameD
WaterenGroen,VitaleGroenStad
EWat98,Valentine_D_
carlafitness21,henri_zuber
howardlweaver,henri_zuber
venezia_56,henri_zuber
plazadren,henri_zuber
CoquetteEric,henri_zuber
Wangenstein,henri_zuber
FransVera,vancalmthout
guuswillemsen,KeesvDaalen
Peter_Voshol,RoelClement
pimbrussee,rodewijntjes
MichielvZuijlen,riffyyyyy
DirkVansintjan,bronsgroenlim
Janlambr,Simon_Rozendaal
TomasFriedhoff,LokoCartoons
LouisBolk,RoelClement
clemensis,verkeersnet
BionextTweets,RoelClement
Evert_MD,olino_duurzaam
De_Goede_Fee,DrBertSmits
Steutel4GBLV,ADDenHaag
Steutel4GBLV,KraaijeveldM
ronaldvdhart,KenniswerfZld
Confucius123,DrBertSmits
mrArtigo,Valentine_D_
Civilsitenl,shapingsociety
BrendaWalles,WURmarine
MarsOnTour,Valentine_D_
Goedlandt1,RijneEnergie
gineke66,KoeOpAvontuur
Marjet1981,Jossedevoogd
frankdeboosere,KlimaatLimburg
kolediana,SocEntNL
erotiekplezier,DrBertSmits
Klimaatplein,zepenexis
vgliatti,DrBertSmits
annmoens2,DrBertSmits
louis_ide,aktweetsbe
Comfirmnl,Ruemour_tweets
HansMeijl,MBeukeboom
ReinhardKlophau,VitaleGroenStad
duurzamestad,milieucentrum
MargotKiddo,bartcrezee
EddyBSB,DrBertSmits
decorrespondent,bartcrezee
vdBoschArjan,VitaleGroenStad
Jeschica,WURmarine
KlaasTjoelker,peerderijk
ynrosina,Energiecomm
Klimaatzuster,LarsMoratis
janlucvaneijk,jhnuijt
HarrieRosink,CarelvanSanten
kuchelnaar,DrBertSmits
weyerwin,DrBertSmits
WalterMaes2,DrBertSmits
fennystraat,Ruemour_tweets
Judo_Bakker,Willem_GP
MarianFlorcita,decorrespondent
MarleenBael,DrBertSmits
ERWINvdMEER,KenniswerfZld
SteffenVR,JoVandeurzen
Chris_uitAbcou,cint
cdenv,JoVandeurzen
Koen_Geens1,JoVandeurzen
genemuideninfo,AutoBreman
EelcoKaper,HalbeVogel
macharoesink,cint
macharoesink,jhnuijt
GKooger,Klimaatplein
ireneimmink,DrBertSmits
djventilator,decorrespondent
guyvansanden,DrBertSmits
iffinetwork,HalbeVogel
DuurzaamMOED,Brabant
RDamhof,Willem_GP
StichtingDePof,decorrespondent
LucianaBoutox,Valentine_D_
pboucneau,KlimaatLimburg
doemeeco,Willem_GP
Erdeme63,decorrespondent
GreenpeaceNL,Willem_GP
DerdeMj,Frans_Bosch
OU_natuur,LarsMoratis
CVDeals_BV,ZehnderGroupNed
lutgroenez,DrBertSmits
robvanderrijt,DuurzaamMOED
SpuwJeGal,DrBertSmits
BlacqDo,timbales
WURplant,WURglas
daltonwz,Valentine_D_
SGrooteboer,OudshoornEric
HermanHobert,AlfonsWispels
ank_blom,Valentine_D_
RCremers,Energiecomm
MMENR_nl,DuurzameD
MMENR_nl,DuurzameD
boefie888,Valentine_D_
pimbrussee,Valentine_D_
robvanderrijt,MVO_NL
spaatsie,Valentine_D_
Ron_Schippers,Valentine_D_
RenaatHuysmans,DrBertSmits
raklijnstra,Valentine_D_
Beautiful_Cups,DuurzameD
Anarchazazel,DrBertSmits
DOK41,KenniswerfZld
sHeerenLoo,OudshoornEric
Eric_Limburg,Klimaatzuster
UniversalAcid,DrBertSmits
jaaptoet,VitaleGroenStad
jassogne,DrBertSmits
jhnuijt,MBeukeboom
Frans_Bosch,DrBertSmits
hooftpijn,LokoCartoons
WUReconomic,MBeukeboom
ockhams,DrBertSmits
BetVam,DrBertSmits
GabyHemeryck,DrBertSmits
HylkevanderWal,LokoCartoons
LindaRijnsburge,VitaleGroenStad
2Plot,DrBertSmits
petervasselt,peerderijk
GeertGooris,DrBertSmits
JohanBranders,DrBertSmits
Judo_Bakker,Klimaatplein
MikeTekstBeeld,FleetwiseNL
Koenrobeys,DrBertSmits
GKooger,olino_duurzaam
sering80,Scapeler
VBenad,JoVandeurzen
DuurzOndern,Energiecomm
marcelvdakker,OverDWARSmag
norbert1972,peerderijk
Dagtes_F,WURmarine
AlexBeekhof,Frans_Bosch
martinlok,MVO_NL
BlackIkeEagle,Matthijs85
JohanBranders,Simon_Rozendaal
Jeroenvvl,RokusWijbrans
EvertvanVliet,Matthijs85
OlafterHaar,CarelvanSanten
HenkHerkink,CarelvanSanten
rufivanrooy,Klimaatplein
degroenezaak,Energiecomm
Startman72,CarelvanSanten
MDmmrs,suzanne_GL
MDmmrs,Energiecomm
Reeshofwarmte,RokusWijbrans
weliswaarbe,KarineMoykens
RiaenHenk,heuvel_stijn
ingridgiebels,olofvdgaag
jelkaboth,VitaleGroenStad
KarineMoykens,JoVandeurzen
KarineMoykens,ZorgAndersTv
NicoKrols,JoVandeurzen
RobertMolhoek,Simon_Rozendaal
Energiecomm,suzanne_GL
Brantsen,Simon_Rozendaal
ZORGMagazine,ZorgAndersTv
koen_leysen,GeertsmaBenno
Creteq_info,peerderijk
BolmanBas,WURmarine
wkkippen,peerderijk
sandervanwillem,KeesvDaalen
Energiecomm,peerderijk
enroctoob,timbales
enroctoob,timbales
j_savelkouls,nrgtransition
UniperNieuws,heuvel_stijn
liberaalvelsen,serverloos
Edvdijk,Frans_Bosch
bagvermeulen,remcovvd
LaurensKuijper,remcovvd
gfiwg,DuurzaamBV
Greatfacility,DuurzaamBV
urgenda,Klimaatplein
magdasmink,nrgtransition
somanagpo,Matthijs85
Buurtkanaal,VitaleGroenStad
BENG2030,DuurzameD
nicotillie72,VitaleGroenStad
mrpshropshire,Matthijs85
ThijsHaver,peerderijk
WimCombrink,GroenLinks020
WimCombrink,GroenLinks020
lenifillekes,windwens
wallfame,peerderijk
timbales,DuurzaamBV
RachelleEerhart,LarsMoratis
RobertGraat,VitaleGroenStad
FSCNL,Beautiful_Cups
w1con,DuurzaamBV
rayca_nat,Frans_Bosch
RegSag,Frans_Bosch
PauldeBeerD66,VitaleGroenStad
PBruynen,ockhams
freddyrosink,Frans_Bosch
vdborch,timbales
edemaeco,ockhams
TomasFriedhoff,peerderijk
jacht_en_boer,dirkkraakbra7
KNV,ad_toet
InekeDijkema1,SchokkendGronin
EllenOut,olino_duurzaam
navverheul,olino_duurzaam
frisian1,Scapeler
MMENR_nl,co2operate
nvde,olofvdgaag
Schaamteloos,widtvoet
GreetjeSchmitz,SchokkendGronin
DetlefvanVuuren,olofvdgaag
Albert_Faber,olofvdgaag
Wilma_Berends,olofvdgaag
tx_vincent,Frans_Bosch
GrootscholteBV,Klimaatplein
jatmoos,Frans_Bosch
paulinewes,peerderijk
Johnerous,Frans_Bosch
Brantsen,Frans_Bosch
rekenk4mer,Frans_Bosch
Klimaatplein,MVO_NL
HeleneBleyers,Frans_Bosch
Hans_C_G,Frans_Bosch
buddendorf,Frans_Bosch
McDonald_69,Frans_Bosch
NissanElectricC,EVConsultNL
Manud1966,Frans_Bosch
PieterBauwens,Frans_Bosch
ManonVogel1,henknijhof
tbeerda,SchokkendGronin
beawem_bea,YoeriAlbrecht
wscherphof,wolf_wim
GsSchutter,Martijn57
Ronald964,Klimaatplein
GsSchutter,gjvu
GsSchutter,gjvu
MollyMcBeal1,Frans_Bosch
WilbertHawinkel,tijd
bergbrabant,gjvu
JadwigajmvSolar,gjvu
suzanne_GL,GroenLinks020
georgeoomen,Voslin
NatuurIJburg,Voslin
atievanstijn,jan_sleen
CeesJan_Straver,gjvu
MrLucassen,Frans_Bosch
ThielenVan,Frans_Bosch
GemeenteLV,DagbladVoorburg
hansmarsk,AlfonsWispels
BuysseJan,Belfius
gezondNL,foodprintnl
Hartenn,AlfonsWispels
RitaCastele,Frans_Bosch
Slimdak010,milieucentrum
GroendeGrote,GroenLinks020
GroendeGrote,GroenLinks020
pboucneau,projecteco2eco
pboucneau,JanMeuleman1
A_Stuurman,SocEntNL
erikstrandstra,pinkpolitiek
henkschimmel,hotzehofstra
alert_blijven,Frans_Bosch
sering80,steltenpower
LeoNijhuis,steltenpower
JefHorians,Frans_Bosch
hhsenk,milieucentrum
Gebouwenzorg,mandywolthuis
Gebouwenzorg,AlfonsWispels
lynlyn332,Frans_Bosch
RvRavenstijn,Frans_Bosch
kolediana,SocEntNL
JoKer33817736,Frans_Bosch
doenormaal_1,Frans_Bosch
tegenwindvoorst,BolLeidschenVn
kirsti_zwaard,projecteco2eco
mbuelens,Frans_Bosch
TonWulfert,olino_duurzaam
petervasselt,EnergyParkZwan
TonWulfert,DSteenhorst
skender,Frans_Bosch
JJM36,Frans_Bosch
Lahqbar,Frans_Bosch
arnoudmolenaar,milieucentrum
TheaPotharst,pinkpolitiek
CO2voetafdruk,energienieuws
CO2voetafdruk,MVO_NL
pimbrussee,volkstribunaal
HaQuV,JurgenGreven
NIBC_Bank,DuurzBeleggen
DdDirkdijkstra,RutgervdNoort
WereldwinkelWbD,degroenezaak
PeterRas10,oneworldnl
DuitsP,9fornews
fozziebeertje,Frans_Bosch
franscolthoff,Transdev_NL
lutgroenez,Frans_Bosch
cockyschalk,gjvu
197winstonsmith,sanderphilipse
arjanvdhoogen,MVO_NL
Lampje87,gjvu
KolsuMaSD,Benjijduurzaam
RayLaenens,Frans_Bosch
MarcBecque,Frans_Bosch
EllenSikking,MVO_NL
MarcJacobs500,axelronse
JohanBranders,Frans_Bosch
Roosje_48,axelronse
Roosje_48,Frans_Bosch
GeertGooris,Frans_Bosch
WilliFunken,boerbewust
MirjamJochemsen,Klimaatplein
weyerwin,Frans_Bosch
liekecoonen,harrie_timmer
NVA_VlaParl,axelronse
Eduard_Mangal,sanderphilipse
kevbrijer,gjvu
fransmaes1,Frans_Bosch
Edvdijk,gjvu
SteinmetzNL,EVConsultNL
de_rixt,Frans_Bosch
GroeneTransitie,oneworldnl
FredvanHeukelom,gjvu
EmileElfferich,Frans_Bosch
SpuwJeGal,Frans_Bosch
volkinnood,Frans_Bosch
kritischewind,Frans_Bosch
Nibotnis,Frans_Bosch
JelleMarchand,RNTMSTR
geenhuizenn,arcadisnl
jmetske,HenriBontenbal
Aventus,kennisnet
cortenberghe,JackTsang42
Janlambr,Frans_Bosch
apvermeulen,AlfonsWispels
HennieArdesch,GerardBrummerII
TiemenBos,gjvu
mtvdlinde,Transdev_NL
CrniLug,Frans_Bosch
ockhams,Frans_Bosch
esbeitler,EW_Vakblad
GsSchutter,gjvu
FVerdonckt,wimvangils
MMennola,kennisnet
petervasselt,EnergyParkZwan
WURenvironment,Klimaatplein
hemaloart,ThermaflexNL
Klimaatplein,energienieuws
Klimaatplein,degroenezaak
Klimaatplein,ThermaflexNL
heuvel874,gjvu
JackMarsman,gjvu
peter_porto,gjvu
DickKraaij,gjvu
MarijkeVanElk,oneworldnl
joukjebroier,oneworldnl
egbertwessels1,AlfonsWispels
asito,DuurzaamMOED
bonzorino,LeoKnock
nellekooren,degroenezaak
HansaGreenTour,degroenezaak
NjordOskam,EW_Vakblad
yorian,degroenezaak
GianniNL,EW_Vakblad
HansVanHoof72,tijd
petervanlubs,AlfonsWispels
karinadehoog,PatrickVAssche
LaurievdBurg,FluxEnergie
OHartgerink,oneworldnl
EilandVoorne,olino_duurzaam
robin_willing,DuurzBeleggen
EcoMovehouten,oneworldnl
GerritRentier,HenriBontenbal
isa_roelandts,Yoorsonly
AqualabZuid,harrie_timmer
wiegerpollmann,EW_Vakblad
PaulGoudberg,AlfonsWispels
robvanderrijt,Man_Impact
pietvsz,AlfonsWispels
silleke23dingen,kennisnet
Eric_Limburg,olino_duurzaam
Scapeler,olino_duurzaam
Mastermind_Cat,SBergsma
DSteenhorst,olino_duurzaam
5673BZ,AlfonsWispels
FintelmanNL,olino_duurzaam
tomvandenberg,AlfonsWispels
haayman,olino_duurzaam
wouterveldhoen,AlfonsWispels
sweconederland,EW_Vakblad
Klimaatplein,Man_Impact
MathiasB9,tijd
bastaar,tijd
FreVanOverloop,tijd
janvos_pvda,timbales
LarsMoratis,Toekomstmakers
GIICoalition,DuurzBeleggen
justine_LBell,DuurzBeleggen
AFrentz,harrie_timmer
ClimateBonds,DuurzBeleggen
FairClimateFund,Klimaatplein
Unit_3947,Subaru_RoadTrip
marcelspaas,Klimaatplein
RHarmsenNWEA,apvermeulen
PoelmanJos,kennisnet
ecomeisje,Subaru_RoadTrip
M_R_TEMPEL,cmsNetherlands
anneliesbon,apjvalk
nynkeschaaf,VersBeton
NickyBouwers,hebawi
uhuraatje,Subaru_RoadTrip
binowage,marcelwubbolts
Klimaatplein,DuurzaamMOED
heerlijkheiddeh,keeskodde_GP
Hans_C_G,9fornews
naald,9fornews
toinecooijmans,Klimaatplein
winnydijkstra,RutgervdNoort
broekvdp,marcelwubbolts
V1ctorW,RutgervdNoort
enzp,apjvalk
FrieseMilieuFed,reenergylemmer
rvermin,HenriBontenbal
Dutchgaskvgn,reneleegte
JoopKetelaers,HenriBontenbal
TiemenBos,fransweisglas
LeQuWeet,JurgenGreven
KOffringa,janrotmans
WijaKoers,NicoleSchoutens
marcvolder,Klimaatplein
kjihgfe,FritsvdSchans
BeterNRE,FleurBesters
aireasnl,Scapeler
Climate_Express,ZeronautBe
Edvdijk,gjvu
MarianVolkers,HenriBontenbal
erwingeo,apjvalk
bierkoerierhier,apjvalk
marjanminnesma,HenriBontenbal
TegenwindAlblas,bergbrabant
rockall158,MDVisserij
ArnoUijlenhoet,JackTsang42
Melody2Memory,apjvalk
C_Hermus,MISCQpapier
ronaldh,steeph
Jirikis1,JackTsang42
HeinvElderen,MISCQpapier
2Ls1G,apjvalk
anjosje2,pulpdeluukse
nieuwemarlean,Toekomstmakers
GoaTranceNET,apjvalk
ikcirculeer,JanTerlouw
ikcirculeer,JanTerlouw
barracudawiep,wmeijer4
BarthCarlo,bergbrabant
duurzaaminnl,Warmetruiendag
Jovankavis,APostmaSmeets
rvdkooy,apjvalk
GijsWeenink,suzanne_GL
hanstimmers,nrgtransition
JoKer33817736,RutgervdNoort
KameroenNet,sfoodsupply
bbuizer,sfoodsupply
Eric_Limburg,HenriBontenbal
josgrafe,SannieVerweij
VanManenJurAdv,apjvalk
rinzesjoerd,apjvalk
henknieboer,apjvalk
tomjanmeeus,apjvalk
bertvis,meschuurman
elisabethbv,MDVisserij
ebuising,apjvalk
aukeappelman,apjvalk
NWEAWind,HenriBontenbal
GreenOfficeRUG,hotzehofstra
vetteviscom,hotzehofstra
jelle6789,apjvalk
peterdavina,apjvalk
Martin2Bakker,apjvalk
arjanvdhoogen,HenriBontenbal
VeenMinke,apjvalk
WillekeBakker,apjvalk
PatrickvDomburg,FotografieJordi
Maarten_vw,apjvalk
DuurzaaminStaal,arjanvdhoogen
jpmroland,apjvalk
astro_andre,apjvalk
fvdstadt,apjvalk
DominiqueVanpee,apjvalk
focusonamerica,apjvalk
RikSeveke,eelcobvr
Ronbooij81,apjvalk
PMPDuurzaamverz,pulpdeluukse
Klimaatplein,SannieVerweij
zorgsector,apjvalk
Krakehoeve,markheijmans
ArnoudVbrief,apjvalk
Neeeltje,apjvalk
josepepels,JanMuijtjens
pgosselink,Brabant
benboks,henknijhof
JoMaas,henknijhof
D66nuvooruit,D66LarenNH
wallie011067,keeskodde_GP
JrgnHoogendoorn,VersBeton
Mr_Incalculable,gjvu
D66LarenNH,D66LarenNH
quartierdetweet,JurgenGreven
ReneDercksen,gjvu
vincedevos,reneleegte
GsSchutter,JurgenGreven
PaganRene,co2ntramine
JokevanWensem,linda_nol
Twingetwing,RijneEnergie
RuudvanTendris,Toekomstmakers
Jeannet07399596,JurgenGreven
Petertje07,JurgenGreven
arjanvdhoogen,timbales
Jansons19,JurgenGreven
666budel,JurgenGreven
mellowmenno,AlfonsWispels
PatriesFaaij,JurgenGreven
MevrouwVanWijk,JurgenGreven
famwer,dekennisvannu
Klimaatplein,DuurzaamNieuws
djventilator,Toekomstmakers
fschuurk,timbales
3MOOostflakkee,gjvu
DuurzaamHouten,meschuurman
rjrietveldt,Toekomstmakers
L1vR,9fornews
El_Griego79,Toekomstmakers
Henkmuis16,Toekomstmakers
hemaloart,D2Emag
RTLZ,Toekomstmakers
RTLnieuws,Toekomstmakers
lisaboerop,Toekomstmakers
Tijgernest,Chem2W
PouderoyenBV,Brabant
arjenUSA,eelcobvr
Klimaatplein,meschuurman
AcceleratioEU,meschuurman
EelcoKaper,meschuurman
cecilecusters,RijneEnergie
Karlanig,Brabant
FannoreFerazhin,macharoesink
Hubrien,BelegGroenGoud
JoannePenning,meschuurman
jvandiepen,meschuurman
Klimaatzuster,timbales
AlexanderCram,WattisDuurzaam
Klimaatplein,Oss_KE
GsSchutter,climategateNL
CO2Adviseurs,CO2Adviseurs
GroeneZaken,CO2Adviseurs
GsSchutter,climategateNL
RobertMolhoek,climategateNL
PAvBoesschoten,nrgtransition
energybattle1,Warmetruiendag
KorrieLouwes,VersBeton
MikeTekstBeeld,FleetwiseNL
BKiekendief,rekenk4mer
Typisch_Henk,climategateNL
BLIKOPENER333,wmeijer4
robvanderrijt,LarsMoratis
MVO_NL,meschuurman
FryskeFisker,climategateNL
1_Vagabond,gjvu
EMK2017,climategateNL
focusonamerica,VictorVlam
SadeAdeolu,canvastv
w1con,WakaWakaNL
_Zero_e_,LarsMoratis
diwilik,keeskodde_GP
EricvKaathoven,dekennisvannu
rafios,9fornews
edkloosterhuis,9fornews
RuudGrondel,LarsMoratis
mcmkuijpers,WakaWakaNL
Klimaatplein,LarsMoratis
milieudefensie,janrotmans
riekswestrik,VersBeton
janinecooijmans,keeskodde_GP
janinecooijmans,keeskodde_GP
jaappannekoek,Klimaatplein
MaritOverbeek,VersBeton
edkloosterhuis,keeskodde_GP
GreenpeaceNL,keeskodde_GP
SolarusSunpower,janrotmans
tegenwindvoorst,ADZoetermeer
petertbier,gjvu
statustaxatie,PH7makelaardij
MrsGreenseat,haydeedeloof
veranderwens,PH7makelaardij
HIERklimaat,Klimaatplein
RVO_Innovatie,jurrvandalen
Jonker_FJ,janrotmans
happybandits,steeph
INTERREGTweets,jurrvandalen
SACMLavrijssen,reneleegte
jeroen1huizinga,gjvu
TtBrinck,WattisDuurzaam
NWEAWind,pulpdeluukse
Emesu50,WakaWakaNL
Coneco_nl,Coneco_nl
peterpolder,janrotmans
Judo_Bakker,bobcrebas
w1con,janrotmans
Evert_MD,Willem_GP
JasperDru,canvastv
DuurzaamAzie,WakaWakaNL
urgenda,WakaWakaNL
garfieldenpluis,Klimaatplein
RdamKlimaat,Willem_GP
secrNatuurMo,Klimaatplein
VitaleGroenStad,groeninarnhem
JacomijnP,keeskodde_GP
huibertbijland,Klimaatplein
Soulgood,Brabant
Climate_Express,liescorneillie
djventilator,FluxEnergie
GSROtweet,nrgtransition
vosje62,keeskodde_GP
vosje62,keeskodde_GP
peterpolder,FluxEnergie
LetsWebShop,DuurzaamBV
LarsMoratis,TgthrNL
Freek_MD,Willem_GP
enroctoob,nrgtransition
groeninarnhem,Boomfeestdag
groeninarnhem,co2operate
ARakhorst,dzh_nl
BENG2030,Brabant
Klimaatplein,Brabant
elmervankrimpen,HansvanderSpek
Klimaatplein,DZyzzion
yorian,nrgtransition
TreesForAll,co2operate
Klimaatzuster,Warmetruiendag
enroctoob,bagvermeulen
EerlijkWinkelen,Warmetruiendag
SmartCityNED,DuurzaamBV
arjanvdhoogen,RijneEnergie
pluraal,DuurzaamBV
AgrifoodCapital,Brabant
HielkeBandstra,gjvu
TX01HB,gjvu
Edvdijk,gjvu
Klaashaasjes,RijneEnergie
SpeltPeter,RijneEnergie
O_316,bergbrabant
O_316,de_rixt
O_316,BewonerVeenkolo
Energie_U,RijneEnergie
marjanminnesma,EnergyParkZwan
AriePaap,Fietsreiziger
jokevanameijde,volgzwijn
RemcoWagemakers,BionextTweets
NWEAWind,RijneEnergie
SustainableJunk,BionextTweets
CO2voetafdruk,Brabant
JosOlivier,janrotmans
TNeijs,Brabant
JosOlivier,janrotmans
KarlVoshaart,de_rixt
C_Smart_Climate,ecoArtistLynch
iemkjedeboer,Boerburgertweet
Walter07071960,bergbrabant
vdBoschArjan,LeoNijhuis
zonnevijlle1,reneleegte
de_windvogel,apvermeulen
Johnerous,bergbrabant
ddjab,Brabant
FB_Groningen,jodysteyls
groeneMarkus,Willem_GP
LuijkHans,bergbrabant
jeroen_mulder,janrotmans
OPJosvandenBerg,rekenk4mer
MauritsGroen,WakaWakaNL
NathalieRoman,GroeneZaken
meeus_kim,McMarghem
renepeters,reneleegte
frankerwood,janrotmans
gemeenteHbeek,Brabant
TremblinTony,bergbrabant
rennemark,janrotmans
SACMLavrijssen,WRRDuurzaamheid
Klimaatverbond,WRRDuurzaamheid
AljeZandt,RijkeWaddenzee
AngeliqueWinder,bergbrabant
rekenk4mer,bergbrabant
4d35ddbdc6bc486,EuWaanzin
EdwinMermans,Brabant
gjvu,bergbrabant
PJMdeGoede,WRRDuurzaamheid
BHolierhoek,RijkeWaddenzee
WRRDuurzaamheid,WRRDuurzaamheid
M_Hodzelmans,Brabant
BGAdvise,bergbrabant
mama_van_jersey,AlfonsWispels
NWEAWind,apvermeulen
klink_marcel,GroeneZaken
GerjaKoldenhof,reneleegte
tvdloo52,Brabant
debackerphil,McMarghem
robvanderrijt,Brabant
MidpointBrabant,Brabant
erikvisser,RijkeWaddenzee
fiederels,RijkeWaddenzee
txgids,RijkeWaddenzee
VWGTexel,RijkeWaddenzee
SnijderRian,Brabant
AdFaasse,janrotmans
RenaatHuysmans,bergbrabant
AKolhorn,BionextTweets
sabine_dumoulin,EDFLuminus
AEGoedbloed,janrotmans
BMoeskops,3xdbe
Lhaverans,3xdbe
MissTie,3xdbe
Judo_Bakker,Willem_GP
SmartCityNED,janrotmans
Thijsdev,Willem_GP
alfred_jodokus,bergbrabant
SanderUiterwijk,BionextTweets
weijers3,lbergkamp
weeverevolve,janrotmans
zorrovos,nrc
ahtlam,bergbrabant
ockhams,bergbrabant
rboere79,reneleegte
LucvanIersel,Brabant
ellen_oomen,BionextTweets
bagvermeulen,reneleegte
Eric_Limburg,Alfred_Meester
BlacqDo,reneleegte
BlacqDo,bagvermeulen
timbales,TgthrNL
peterpolder,Willem_GP
filosofieblog,norbert1972
EBOverijssel,NEOverijssel
HSchouffoer,janrotmans
magdasmink,janrotmans
swagemakers3,Alfred_Meester
ssteverlinck,leuven2030
marktwain2,Alfred_Meester
Inge_Happe,Alfred_Meester
EnergyHubWest,reneleegte
enroctoob,reneleegte
JanVaneessen,janrotmans
bloemekets,jodysteyls
AngeliqueWinder,AlfonsWispels
Bijnagte,janrotmans
Vinnie_80,ockhams
connie_brouwer,janrotmans
AmazingChevVolt,apvermeulen
JuriePost,gjvu
UniperNieuws,reneleegte
GroeneZakenDeal,GroeneZaken
xlpiano,janrotmans
btkrth,janrotmans
ivoboode,janrotmans
heerlijkheiddeh,BionextTweets
yvanlunzen,gjvu
derkhueting,Klimaatplein
D66nuvooruit,persd66brussel
sering80,Scapeler
xynyxs,Jurjenvdb
sering80,frisian1
_Zero_e_,Klimaatplein
D66_Rhenen,persd66brussel
chiene2,frisian1
FietsersbondBE,jodysteyls
MarleenMeijers,BionextTweets
NandaOudejans,Jurjenvdb
BernardGrunn,Motorsport_NL
jdblanken,persd66brussel
wallie011067,NEOverijssel
AnsRobben,CerilKatuin
enroctoob,bagvermeulen
mayaVirg,JadeOudejans
NicoletteBlom,OVnieuwsINFO
Klimaatverbond,ankevanhal
yvanlunzen,bleekerk
yvanlunzen,bleekerk
wijnt,EDFLuminus
HennieArdesch,GerardBrummerII
karelh,marcelwubbolts
MargrethaG,rekenk4mer
levensverhaalES,milieudefensie
StefanW74,nrgtransition
rolfschipper,keeskodde_GP
martijnstorms,volgzwijn
IGG_NL,MBeukeboom
ThomasReitsma1,hgbrink
martijnduijndam,hgbrink
Klimaatcombi,MilieuCompact
AngeliqueWinder,frisian1
JuliaWilliams40,paulinewes
Scapeler,Cumulus1966
enroctoob,nrgtransition
Tijdo,timbales
Johan_Buys,Boerenbond
w1con,AlfonsWispels
MatNicaise,3xdbe
LindaJeffreys,AnjaKolibri
SOMABedrijfsopl,OliviervanDet
GDuvillier,PaulSoete
Bloemoen,Tonzon
leontebbens,AlfonsWispels
Fietsreiziger,AnjaKolibri
Edvdijk,gjvu
carbonfreeda,AnjaKolibri
af7qp,AnjaKolibri
ElwellGraham,AnjaKolibri
danielmclion,Tonzon
FredvanHeukelom,gjvu
THX113812,gjvu
DObservator,volgzwijn
volgvarken,volgzwijn
PolitiekTweetNL,D66LarenNH
PieterGrootendo,Klimaatzuster
HenkLinnemann,de_rixt
sstuart57,de_rixt
BomenAchterhoek,WillemFerwerda
BewonerVeenkolo,de_rixt
BreukersGerjan,AdindaLodders
dvlankeren,Klimaatzuster
ABCDEKoffie,dzjr74
Muizebeestje,AlfonsWispels
kees_ontwerpt,DSteenhorst
Warmetruiendag,ankevanhal
sstuart57,rekenk4mer
Gerco74,dzjr74
ZuilenV,dzjr74
AngeliqueWinder,Scapeler
Sabio_VD,Tonzon
D66nuvooruit,D66LarenNH
tegenwindvoorst,de_rixt
InfoLegtenberg,gjvu
ThomasvanBelzen,lamerswim
krommenie,Tonzon
MRoijakkers,Tonzon
RJPlaizier,AlfonsWispels
ACEA_eu,wijnandj
Peet040,AlfonsWispels
weyerwin,gjvu
GsSchutter,gjvu
jos_wynants,gjvu
LeoNijhuis,steltenpower
Levagoprojekt,Tonzon
GsSchutter,gjvu
marijearah,NWEAWind
Johnerous,rekenk4mer
riskparty63,rekenk4mer
scheven1ngen,AlfonsWispels
LucAdolfse,WillemFerwerda
KellyRoept,gjvu
Reeshofwarmte,berendpotjer
GsSchutter,gjvu
GsSchutter,johan_emmens
GuillaumeGoijen,mikepapot
sextadatarde,BrigadierPoez
jeroen1huizinga,rekenk4mer
ECF4U,AlfonsWispels
addyrutgers,berendpotjer
dirkkraakbra7,rekenk4mer
krispijnbeek,berendpotjer
pientka_marleen,Scapeler
kla_mar,gjvu
Greet29Greet,rekenk4mer
HielkeBandstra,gjvu
Mr_Incalculable,gjvu
Greet29Greet,de_rixt
Greet29Greet,de_rixt
BriefAanJou,WoestereWillem
HansMeijl,marcelwubbolts
PeHaring,mikepapot
MennoLudriks,de_rixt
Sandra_de_Haan,AlfonsWispels
LeoSonneveld,HarrieMiedema
dinglesprout,PWoodfall
erikerdbrink,gjvu
Edvdijk,gjvu
henk_ram,gjvu
ReneDercksen,gjvu
FCriticalThink,PWoodfall
AngeliqueWinder,frisian1
DZyzzion,mikepapot
Egbert1948,MaartenVonk
bennas,aireasnl
RvRavenstijn,ockhams
podevyns,ockhams
KOffringa,AlfonsWispels
sycrett,MaartenVonk
GroenOpgewekt,AlfonsWispels
ahtlam,gjvu
ikroepook,MennoOng
Frans_Bosch,gjvu
Tommietomt,AlfonsWispels
TsjerkTerp,MDVisserij
sstuart57,gjvu
AngeliqueWinder,Scapeler
vrijdenkend,d_e_mol
KernwaardeGroen,paulinewes
renevanmanen,gjvu
ronaldbronsink1,Tonzon
stophoutrooknu,Scapeler
WesselingErik,johan_emmens
riesbergen,AlfonsWispels
Edvdijk,gjvu
MaartenvBiezen,paulinewes
60_henk,gjvu
dedijkvanvier,APANO55
krispijnbeek,addyrutgers
Hubert_zelf,AlfonsWispels
mcmkuijpers,AlfonsWispels
mcmkuijpers,AlfonsWispels
ondeRob,ZanBizar
BusserCristel,GKooger
wasbolletje,gjvu
urgenda,GKooger
RoseAnnLumChou,AlfonsWispels
RuudvanTendris,mikepapot
elisabethswart,HenkDaalder
MISCQpapier,TrouwGroen
ArthurGysels,erikdw001
Deduge,wakarimassen
SFO_GO,MDVisserij
drechtstadsboer,WillemFerwerda
Meerwind_HLMMR,AlfonsWispels
steltenpower,AlfonsWispels
Edvdijk,APANO55
cringers,paulinewes
stophoutrooknu,steltenpower
pieterwk,Caroladevree
ouwehenk,HannaBervoets
ZwaantjeV,paulinewes
SnarfxFrans,cmsNetherlands
chiene2,AlfonsWispels
chiene2,steltenpower
AljeZandt,AlfonsWispels
michelstuyts,ChrisWauman
AngeliqueWinder,steltenpower
annemarievln,cmsNetherlands
LeoNijhuis,AlfonsWispels
LetsWebShop,VitaleGroenStad
jorisdewever,JoyceHeijningen
fatimawillems19,cmsNetherlands
Ron31826444,cmsNetherlands
greef_kris,BertDeWel
tonnemaker,AlfonsWispels
HeinevdM,AlfonsWispels
BFinknottle,ChrisWauman
sering80,steltenpower
duurzamestroom,AlfonsWispels
1Juleke,ockhams
GsSchutter,GerWijnhoven
Climate_Express,ChrisWauman
ReneSalemink,AlfonsWispels
RemcoWagemakers,AlfonsWispels
Vinexfred,AlfonsWispels
sering80,AlfonsWispels
sering80,Scapeler
tinyvlx,Tonzon
Faatopreis,AlfonsWispels
doemeeco,AlfonsWispels
Lubken48,AlfonsWispels
frisian1,AlfonsWispels
MoniqueLamers1,AlfonsWispels
frisian1,Scapeler
NatasjaLuiten,AlfonsWispels
Stichtingfrom,AlfonsWispels
RobbertHijdra,TrouwGroen
HSalverda,AlfonsWispels
fschuurk,AlfonsWispels
EKO4petz,AlfonsWispels
RobHoenen,AlfonsWispels
Krid_Stems,ockhams
NVerdaasdonk,AlfonsWispels
newsextract,marcelwubbolts
gmlageveen,AlfonsWispels
Klimaatzuster,TrouwGroen
PatrickAJansen,TrouwGroen
Mrsfrederika,AlfonsWispels
kovantergouw,JoyceHeijningen
theon0563,dbis
parkstadbloeit,AlfonsWispels
GrootOostTV,Tonzon
helma_beebox,AlfonsWispels
DSteenhorst,paulinewes
roosmarijnline,AlfonsWispels
jorisdewever,AlfonsWispels
willemvdbiezen,AlfonsWispels
Fokkesnoekurk,MDVisserij
Johnerous,ockhams
DuurzaamMOED,robertvg
Gasschandaal,AlfonsWispels
BertusLustig,Tonzon
etverhagen,AlfonsWispels
AlbertPasterkam,gjvu
pvmeekeren,AlfonsWispels
Waaldijk,AlfonsWispels
heinmenting,AlfonsWispels
JennekeKoehorst,AlfonsWispels
LarsBoelen,AlfonsWispels
HerbertWensink,AlfonsWispels
hemaloart,AlfonsWispels
djvandersluijs,gjvu
OlivierW4,AlfonsWispels
Eelcodevos,AlfonsWispels
carlavandorp,AlfonsWispels
EvelineMolier,marcelwubbolts
rekenk4mer,ockhams
CrazyEarthLover,greenSandco2
sycrett,Bijan63
AHRisseeuw,Bijan63
Bijan63,Bijan63
vrdvkees,paulinewes
ellygezellie,gjvu
willem2712,MDVisserij
humaansociaal,Bijan63
1980Anke,paulinewes
VigeoEiris_Be,AlfonsWispels
shirleykulk,AhSarcasme
FleurilaEGS,AhSarcasme
AndreBrouwer,paulinewes
Gerbijl,gjvu
HalloZoey,AhSarcasme
hemaloart,Bijan63
Wilcobonekamp,meertensmit
Sebas_vd_Haar,paulinewes
lutgroenez,ockhams
Ron_de_Rover,MDVisserij
OllieBMichel,gjvu
AvanVuren,WillemFerwerda
BrantChil,ockhams
BoswachterRob,gjvu
Dukkers,MDVisserij
RobertMolhoek,gjvu
paulinewes,remcovvd
Erdeme63,Tonzon
Bernardvi,ockhams
VechtdalPartij,paulinewes
hemaloart,paulinewes
HansaGreenTour,paulinewes
DeRealist2016,ockhams
RuudvanTendris,paulinewes
aanknoeien,Tonzon
EmkeMol,followthis2015
m_wiersma,paulinewes
PvanArkelFA,meertensmit
WilmavdStroet,meertensmit
Vinnie_80,ockhams
Edvdijk,gjvu
eppobruins,MDVisserij
RemcoWagemakers,Tonzon
janwillemvangen,marcelcrok
arievandersluis,Vision23
HakvoortQuality,MDVisserij
DickKraaij,gjvu
HansVanHoof72,BertDeWel
TrouwGroen,WillemFerwerda
janwillemvangen,gjvu
inktcoellie,gjvu
susankimkes,JeanetteHamster
rensweustink,PureEnergieNL
JMiluau,Belanda
Remember_1096AD,Remember_1096AD
lestergas,Bijan63
groen4life,PureEnergieNL
groeneMarkus,ClimateNeutralG
RuudvanTendris,followthis2015
RobvanEeden,AlfonsWispels
koencarels,MathiasB9
groen4life,HenkDaalder
itewiersema,MDVisserij
regio_logisch,gcijsseldelta
Dylanioo,followthis2015
JankoLolkema,MDVisserij
Frans_Bosch,gjvu
Berrie_v_eld,AlfonsWispels
betsyduit,Bijan63
LucianusMagnus,marcelwubbolts
bergbrabant,gjvu
YolandavdZee,Tonzon
christophvde,BertDeWel
HVdVelden1,timbales
eelcoeikenaar,zonder_de_NAM
VanGreetje,EnergyParkZwan
NVerdaasdonk,WillemFerwerda
Glipto,Tonzon
g_vester,Bijan63
Johnerous,gjvu
bellser48,marcelwubbolts
visserijnieuws,MDVisserij
Edvdijk,gjvu
petervalk1,Nouscat
Confucius123,gjvu
willemwansink,Bijan63
AnBeVe,zonder_de_NAM
WaterenGroen,AlfonsWispels
BoswachterRob,gjvu
GsSchutter,gjvu
TNInstitute,zonder_de_NAM
GsSchutter,gjvu
m_wiersma,zonder_de_NAM
AldoSchelvis,zonder_de_NAM
BoswachterRob,WillemFerwerda
SPprovGroningen,zonder_de_NAM
JacomijnP,WillemFerwerda
Boost292,MDVisserij
Tighza_Taza,Bijan63
Frank_DS,Lahqbar
wzn256,gjvu
jeroen1huizinga,gjvu
Bijan63,Bijan63
Henk_Baas,gjvu
bakkermantjes,MDVisserij
Wietskevanhees,Raet_NL
edemaeco,gjvu
rekenk4mer,gjvu
Frans_Bosch,gjvu
peterpolder,HarrieMiedema
bewogenburger,HarrieMiedema
volkstribunaal,betgem_eric
Jominee,Bijan63
NVerdaasdonk,maartenhajer
O_316,zorgisleuk
fschuurk,BertDeWel
ORSkaagbaan,ORSbewoners
twoord37,MDVisserij
OllieBMichel,gjvu
RDamhof,WillemFerwerda
BonneBellaNL,DIBEBO
marjanminnesma,WillemFerwerda
CCees,WillemFerwerda
trouwschmidt,TrouwGroen
bergfrans,ORSbewoners
LMoyersoen,draaimeulen
groeneplantage,birdingbreaks
WRRDuurzaamheid,TrouwGroen
StraverFrank,TrouwGroen
StraverFrank,WillemFerwerda
JohansVisie,GideonGoudsmit
HansHelder,henknieboer
marjaduin,Raet_NL
mauritsschilt,henknieboer
hiltrudpotz,AlfonsWispels
josdings,GKooger
BedrKringUrk,MDVisserij
EMK2017,MDVisserij
Klimaatplein,DNVGL_NL
WattisDuurzaam,Vision23
NiekvLeeuwen,1hschulte
barendregtvb,AdindaLodders
kennemerwind,GKooger
DJFBel,henknieboer
DSteenhorst,GKooger
genoegvluchten,ORSbewoners
FritsWuts,AlfonsWispels
WillemFerwerda,henknieboer
Changerism,AlfonsWispels
Janlambr,LudwigBollaerts
B_Biemans,MrsGreenseat
nlontwikkeld,WillemFerwerda
henknieboer,WillemFerwerda
C_Hermus,AdindaLodders
BoudewijnC,Vision23
JorisBaecke,AdindaLodders
AJMvanBeek,NHDWaterland
volgzwijn,maartenhajer
RKDRE,TrouwGroen
LarsMoratis,TrouwGroen
heinmenting,AlfonsWispels
lustkapper,Cimyne
DuurzOndern,AlfonsWispels
thomasulmers,Cimyne
HolgerEwald1,Cimyne
3xdbe,BertDeWel
Rik_Rolleman,ORSbewoners
GKooger,NHDWaterland
JorisRombaut,AlfonsWispels
LetsWebShop,DuurzaamBV
arjanvdhoogen,BertDeWel
arjanvdhoogen,AlfonsWispels
Edvdijk,gjvu
barracudawiep,dekoran1
KBGELUID,ORSbewoners
Liesb001,socialevraagst
GsSchutter,gjvu
LuijkHans,remcodb
MannenToolbox,GroeneZaken
Stadspartij,AlfonsWispels
Gasuniek,HenkDaalder
BLIKOPENER333,dekoran1
FredvanHeukelom,gjvu
marcelcrok,remcodb
SanneHille,NPORadio1
Tracy_Snoddon,LaurierResearch
IvarKunst,AlfonsWispels
Nschotte,AlfonsWispels
ikingmaNL,AlfonsWispels
janinecooijmans,AlfonsWispels
btkrth,AlfonsWispels
marjanminnesma,AlfonsWispels
AnthonySc6,LampjeL
GorisHelena,draaimeulen
JosOlivier,marcelcrok
Klimaatzuster,BertDeWel
JosOlivier,BertDeWel
HenkNieuws,GielDeRuiter
JosOlivier,Vision23
Raaphorst,NPORadio1
laurehermans,draaimeulen
ReverseVending,DirkVercammen
inspiralcarpet,GielDeRuiter
CodeKloet,NPORadio1
cornelisdewitte,JefVries
GsSchutter,feitenjager
kla_mar,climategateNL
paulinewes,BulentIsik1121
EarthMineYours,AlfonsWispels
dvlankeren,AlfonsWispels
kristorfs,TieRoefs
BErbisim,AlfonsWispels
RolfHut,berryovervelde
pvmeekeren,AlfonsWispels
LaenenPeter1,BertDeWel
RBoute,delaatstemeter
RobKoster,socialevraagst
mrmkolkman,martijnkolkman
merijndehaas,NPORadio1
WillemPetersw,Boomfeestdag
BlueLinesT,BertDeWel
TomNijsen,BertDeWel
JoeriThijs,BertDeWel
natuurlijkDev,niekvandenbrink
markheijmans,Boerenbond
MargrietdeJager,socialevraagst
dirkkraakbra7,DirkdeJong65
QuirineEijkman,socialevraagst
krabvrouw,Scientias
r_verwey,socialevraagst
vdhek,Vision23
milieucentrum,VitaleGroenStad
Dulfera,Walrathis
kvanhaagen,VitaleGroenStad
BuijsPaul,Vision23
delissen1971,annefleurdd
roelsint,NPORadio1
RSK1992,remcodb
jennyptc,Klimaatplein
wouterverkennis,ockhams
dunderklumpken,gjvu
zorrovos,NPORadio1
henknieboer,remcodb
dunderklumpken,gjvu
dunderklumpken,gjvu
mathieufransen,remcodb
dunderklumpken,gjvu
HarmenSmid,Cementbouw
MrsGreenseat,ClimateNeutralG
3MOOostflakkee,gjvu
hemeradiana,NPORadio1
hendriks_twan,AllFixedNieuws
RThBominaar,annefleurdd
NaveStefaan,DriesseWout
riniek80,martijnkolkman
EDenissen,annefleurdd
PvVegt,gjvu
Gasuniek,adlansink
enroctoob,remcodb
DenKivo,Scientias
4PTM,annefleurdd
teejay_studio,BNR
lvw65,remcodb
NatasjaLuiten,VitaleGroenStad
Calimer0c0mplex,andreasvbeek
HerzovanderWal,BoswachterRob
addie_sl,BNR
JanPeters5219,BNR
retitwente,Scientias
SchuitemakerL,MikeTurenhout
KPiekla,NPORadio1
GvanderHoeven,Scientias
SaskiaRamakers,Forenser1
cvrooijen,startcrafting
CarlaWijn,Scientias
willaminne,Europarl_NL
davandermeer,HannaBervoets
topvrouwatwork,HannaBervoets
olino_duurzaam,GKooger
fschuurk,Reeshofwarmte
RemcoWagemakers,Belanda
RemcoWagemakers,VlakglasRecycle
DSteenhorst,GKooger
Sjoentje,Raet_NL
joosockels,urgenda
_Erwin,PdRarchitects
LeendertAcke,draaimeulen
ARCAMupdate,PdRarchitects
DrPaulien,draaimeulen
btkrth,VitaleGroenStad
StichtingKAO,BWarbroek
WarmteKoudeZH,mayaVirg
fabianroos1980,EnecoBE
MarijXXXX,HannaBervoets
volkskrant,HannaBervoets
ZLTOBorsele,RoelClement
KatrienDebal,draaimeulen
VechtdalPartij,WattisDuurzaam
VechtdalPartij,RNTMSTR
CO2Adviseurs,CO2Adviseurs
Monalisazelf,Walrathis
miasaric,timdegier
winnydijkstra,ockhams
Stimuland_nl,gcijsseldelta
nicoledebeer50,NPORadio1
estherklos,Spant_Bussum
jdegens1,AlfonsWispels
arjanvdhoogen,timbales
jdblanken,timbales
mikakyra,MoniekWulms
HilliedeKoe,NPORadio1
JorisRombaut,Drapman
EricCorton,NPORadio1
Klimaatplein,robertvg
DSteenhorst,solylady
wamelink_wieger,VitaleGroenStad
LeoVoorwinden,Klimaatplein
RixtWierda,gcijsseldelta
OpSteenbreek,VitaleGroenStad
duurzamestroom,GuillaumeGoijen
JosSluijsmans,delaatstemeter
HansBassing,Afvaladvocaat
Ladyxxl,dadaland
djeppink,CalluyWalt
FrontaalNaakt,dadaland
NWEAWind,WattisDuurzaam
GreenDealZES,delaatstemeter
AgricolSeeds,Martinvanwyk
Ladyxxl,Krapuul
sycrett,cmsNetherlands
JohnSteegh,MadoRuys
MaartenvBiezen,robertvg
DannyWijnhoud,jhmommers
O_316,climategateNL
LeeflangHans,robertvg
heertoon,NPORadio1
