Id,tweets
gjvu,36
Climate_Cop,29
Klimaatplein,26
BarbarugoRuud,23
timbales,22
GsSchutter,20
HvMZON,19
DDNieuws,16
Edvdijk,14
cmsNetherlands,13
Energie_Eneco,13
AngeliqueWinder,12
eMBe_Zon,12
enroctoob,12
Klimaatzuster,12
CMSchoolenberg,11
rekenk4mer,11
mistraller,11
JosOlivier,11
Scapeler,10
sering80,10
FluxEnergie,10
AlfonsWispels,10
GeertPVVWilders,10
arjanvdhoogen,10
HenkDaalder,9
O_316,9
Climate_Express,9
VitaleGroenStad,9
0209Bot,9
Frans_Bosch,8
hemaloart,8
EnergyParkZwan,8
ockhams,8
Krapuul,8
Beautiful_Cups,8
fschuurk,8
Johnerous,8
bergbrabant,8
WattisDuurzaam,8
Judo_Bakker,8
rolfschipper,7
LarsMoratis,7
chiene2,7
sstuart57,7
3xdbe,7
watkopenwij,7
robvanderrijt,7
marjanminnesma,7
urgenda,7
steltenpower,7
Eric_Limburg,7
bleekerk,6
LetsWebShop,6
Gigawiek,6
TomNijsen,6
DSteenhorst,6
NWEAWind,6
pboucneau,6
heerlijkheiddeh,6
tegenwindvoorst,6
RemcoWagemakers,5
w1con,5
CO2Adviseurs,5
TSmaragdina,5
HSchouffoer,5
frisian1,5
henknieboer,5
WRRDuurzaamheid,5
jeroen1huizinga,5
ApusNL,5
roosvonk,5
janinecooijmans,5
RuudvanTendris,5
VVMBureau,5
fvdstadt,5
3MOOostflakkee,5
GrootOostTV,5
MrsGreenseat,5
peterpolder,5
de_rixt,5
KeesvDaalen,5
DuurzaamBV,5
paulinewes,5
GKooger,5
Vision23,5
TrouwGroen,4
DuurzameD,4
DickKraaij,4
BeautifulNieuws,4
kritischewind,4
StopSteenkool,4
m_wiersma,4
denieuwsjager,4
nrgtransition,4
_Zero_e_,4
BGAdvise,4
Matthijs85,4
milieucentrum,4
KOffringa,4
heksenhut,4
lutgroenez,4
doemeeco,4
macharoesink,4
dunderklumpken,4
apvermeulen,4
PeHaring,4
losamigos043,4
Ennodewitt,4
rboere79,4
TBoccasions,4
bartcrezee,4
GroeneZaken,4
CarelvanSanten,4
MrvanDalenNL,4
ClimateNeutralG,4
VlakglasRecycle,4
Belanda,4
AnthonySc6,4
MMENR_nl,4
GerardBrummerII,4
BoswachterRob,4
_Economie,4
Janlambr,4
stophoutrooknu,4
RayLaenens,4
weyerwin,4
NVerdaasdonk,4
krispijnbeek,4
wallie011067,4
keeskodde_GP,4
dvlankeren,4
sycrett,3
Benjijduurzaam,3
KarineMoykens,3
Rolf_Oldejans,3
ADDenHaag,3
D66nuvooruit,3
erikdw001,3
aireasnl,3
cockyschalk,3
focusonamerica,3
RobertMolhoek,3
JanMuijtjens,3
djventilator,3
C_Hermus,3
DutchNewspapers,3
EcoMovehouten,3
CO2voetafdruk,3
Reeshofwarmte,3
energienieuws,3
skytreeco2,3
MennoLudriks,3
Jeeningaautos,3
infoweer,3
StraverFrank,3
ZwolleAanZee,3
ArnoUijlenhoet,3
Greet29Greet,3
Autodekkers,3
pimbrussee,3
Willem_GP,3
robmountainview,3
RNTMSTR,3
GroenLinks020,3
Tijgernest,3
JIN_Climate,3
ZZPGemak,3
yvanlunzen,3
PJMdeGoede,3
decorrespondent,3
Klimaatverbond,3
magdasmink,3
siegerdb,3
MaartenvBiezen,3
BKiekendief,3
FredvanHeukelom,3
ReneDamkot,3
Deltawind1,3
Vanderwoudeauto,3
navverheul,3
ZeronautBe,3
bagvermeulen,3
RuimteOrdening,3
zorgisleuk,3
GeertGooris,3
RvRavenstijn,3
KarlVoshaart,3
MissTie,3
Energiecomm,3
NLNieuwsAlert,3
SACMLavrijssen,3
stadsLAB_Saxion,3
NielsWaarlo,3
Man_Impact,3
Petertje07,3
NatasjaLuiten,3
hanscoppen,3
SSWSterk,3
marcelcrok,3
DrBertSmits,3
petervasselt,3
climategateNL,3
RokusWijbrans,3
MoniqueLamers1,3
dirkkraakbra7,3
MBeukeboom,3
RikZeeuwen,3
SaskiaG_MD,3
mcmkuijpers,3
TeubenAutos,3
gianbellan,3
Bijan63,3
btkrth,3
Robert_Koster,3
UniperNieuws,3
Gjennifere,3
BlacqDo,3
Tibaert,3
groeninarnhem,3
energieadviezen,3
volgzwijn,3
LeoNijhuis,3
207Studio,3
EgbertBorn,3
BewonerVeenkolo,3
MVO_NL,3
ingridgiebels,3
DirkVercammen,3
VechtdalPartij,3
addyrutgers,3
DuurzaamMOED,3
ZanBizar,3
winnydijkstra,3
mayaVirg,3
OllieBMichel,3
JoeriThijs,3
johandeklerk2,3
JohanBranders,3
krommenie,3
veenhuizenauto,3
Energeia_Nieuws,3
henknijhof,3
HNoordberger,2
Klimaatzaak,2
BolLeidschenVn,2
norbert1972,2
alert_blijven,2
JacomijnP,2
FransVerouden,2
EddyBSB,2
HielkeBandstra,2
Roosje_48,2
TonWulfert,2
aadvanuffelen,2
Erdeme63,2
AlexanderCram,2
xlpiano,2
Sareau,2
MDmmrs,2
JanTerlouw,2
Coneco_nl,2
LaurensKuijper,2
janwillemvangen,2
volkstribunaal,2
kovanhuissteden,2
BENG2030,2
TieRoefs,2
ArnoudVbrief,2
Saxion,2
Hans_C_G,2
1Juleke,2
sssnappie,2
JackMarsman,2
TheoJans1,2
AljeZandt,2
ECF4U,2
csbkkr,2
Polder_PV,2
wmeijer4,2
groen4life,2
hansmarsk,2
Typisch_Henk,2
JosPetersTRA,2
oneworldnl,2
natuurlijkDev,2
FrieseMilieuFed,2
AJCvWijk,2
janrotmans,2
TegenwindAlblas,2
Wilcobonekamp,2
solylady,2
HighwaymanNH,2
jdblanken,2
FannoreFerazhin,2
rvermin,2
Bommelk,2
ESouverein,2
Tonzon,2
ScarlattiBomba,2
IPSVlaanderen,2
peerderijk,2
JoKer33817736,2
dzh_nl,2
RikSeveke,2
Mr_Incalculable,2
heuvel_stijn,2
simonvgroningen,2
TiemenBos,2
AlbertPasterkam,2
greenarkpress,2
GijsvWijk,2
defrysk,2
NandaOudejans,2
DuurzOndern,2
DEEUSACAR,2
jhnuijt,2
LaurievdBurg,2
ANTON_AUS_TI,2
JJM36,2
OpChemArchives,2
florisvc,2
wijnandj,2
sfoodsupply,2
RoelClement,2
heinmenting,2
johan_emmens,2
thegreentake,2
ThijsHaver,2
ThomasvanBelzen,2
OuderschapNieuw,2
luukbuit,2
joukjebroier,2
joopel,2
Ronbooij81,2
nvde,2
DZyzzion,2
mjruiken,2
zorrovos,2
milieudefensie,2
monstervanwkoop,2
Lahqbar,2
GroendeGrote,2
RenaatHuysmans,2
petertbier,2
rafios,2
co2operate,2
edemaeco,2
Gasuniek,2
Francolinie,2
Mopperwezen,2
BLIKOPENER333,2
bonzorino,2
Egbert1948,2
djidee,2
guyvansanden,2
MikeGoudemond,2
arjanpakkert,2
vosje62,2
GreenOfficeRUG,2
JoMaas,2
ProfacilityBE,2
gdleuven,2
Walter07071960,2
Frank__Evers,2
Krid_Stems,2
MISCQpapier,2
vdBoschArjan,2
suzanne_GL,2
HansMeijl,2
LindaRijnsburge,2
BeterLeefmilieu,2
pvmeekeren,2
WillemFerwerda,2
BertJongert,2
GreenpeaceNL,2
barracudawiep,2
janlucvaneijk,2
Jansons19,2
nielshogeweg,2
bertvis,2
shekiba_K,2
wimvangils,2
groeneMarkus,2
FleetwiseNL,2
Rafsina,2
SmartCityNED,2
RDamhof,2
EmkeMol,2
HenkLinnemann,2
cint,2
ClockmakerKarli,2
geoneer,2
Koningsfruit,2
_Vechtstreek,2
tupakamrah,2
IngPeeters,2
degroenezaak,2
geenhuizenn,2
BionextTweets,2
jorisdewever,2
DeNieSaNL,2
kla_mar,2
ThermaflexNL,2
HennieArdesch,2
sandervanwillem,2
Frank_DS,2
Ladyxxl,2
DouweUitze,2
eefdetegenwind,2
willemlageweg,2
EISNERAUTO,2
boudivv,2
bloemisterij,2
jvanderklauw,2
ikcirculeer,2
JorisRombaut,2
buddendorf,2
HermanHobert,2
zepenexis,2
LoLa4all,2
jhmommers,2
KurtDeketelaere,2
boerbewust,2
remcodb,2
jassogne,2
DagbladVoorburg,2
D66LarenNH,2
Evert_MD,2
Klimaatagenda,2
GunterHuyghe,2
Vinnie_80,2
jefwintermans,2
1001ptsNL,2
LuijkHans,2
volkinnood,2
marcelbar8,2
HuubHalsema,2
Steutel4GBLV,2
TomasFriedhoff,2
EMK2017,2
HermansHoning,2
LeeflangHans,2
mathiasmeys,2
wzn256,2
mikepapot,2
toinecooijmans,2
CruellaCritical,2
markheijmans,2
yorian,2
mondiaalnieuws,2
zorgbeheer,2
Jacq020,2
SP_Assen,2
iungo_nl,2
FJBMGess,2
kovantergouw,2
BetVam,2
duurzamestroom,2
Klimaatnieuws,2
EelcoKaper,2
olino_duurzaam,2
KlimaatSanitair,2
anne_knol,2
GSROtweet,2
WimCombrink,2
JvDorp,2
Emsky,2
Hans_Gruenfeld,2
WalterMaes2,2
olofvdgaag,2
ZinnigBedrijf,2
CeesJan_Straver,2
DirkGerard,2
pietvsz,2
intentie_gevolg,2
freddyrosink,2
TNeijs,2
Jongderik,2
ecomeisje,2
MathiasB9,2
BlauwStaete,2
ReneDercksen,2
HansaGreenTour,2
StichtingKAO,2
BlitAgro,2
remcovvd,2
AGelderland,2
Gebouwenzorg,2
SpuwJeGal,2
WNiemegeers,2
Remember_1096AD,2
Duurzaam_Doen,2
bmijland,2
fozziebeertje,2
FrecherJacques,2
LucianusMagnus,2
BrantChil,2
EnergyHubWest,2
MarcJacobs500,2
energiemoskeeen,2
PietSchuur,2
JrgnHoogendoorn,2
Confucius123,2
MichielvZuijlen,2
pulpdeluukse,2
KlimaatLimburg,2
duurzaam,2
Brantsen,2
visuele,2
SocEntNL,2
edkloosterhuis,2
MollyMcBeal1,2
kolediana,2
Ron31826444,2
WorldConnected,2
RalfBodelier,2
lammertdoddema,2
D2Emag,2
Warmetruiendag,2
WaterenGroen,2
DannyWijnhoud,2
PureEnergieNL,2
HansVanHoof72,2
jan_sleen,2
TheodeBruijn,2
TheaPotharst,2
DuurzaamNieuws,2
marizsmn,2
volkskrant,2
PatrickAJansen,2
Koenrobeys,2
JorisW_GP,2
MarcoSteek,2
ADZoetermeer,2
ahtlam,2
GerWijnhoven,2
Sandra_de_Haan,2
Installatie,2
ellygezellie,2
NettieKlompsma,2
MikeTekstBeeld,2
podevyns,2
Chem2W,2
Monalisazelf,2
onzenormennu,1
BelegGroenGoud,1
Marleentje71,1
drenthe,1
hjnijman61,1
McDonald_69,1
KarinBoerman,1
Toodlessss,1
DickMandemaker,1
ronaldh,1
IDeWitte,1
fredje23,1
BOYAR1947,1
vincentr78,1
FransVera,1
manudeelt,1
VanUdenLT,1
wallfame,1
InnovatieLink,1
LucvanIersel,1
reinouts,1
HerzovanderWal,1
Mastermind_Cat,1
_Onderwijs,1
pavlakubb,1
kennisnet,1
tweedehands,1
mrArtigo,1
PlantsLoveCO2,1
niekvandenbrink,1
annmoens2,1
vliegticket,1
SveSfa,1
solardude1,1
Jominee,1
PDuisenberg,1
RDWeetjes,1
NicoletteBlom,1
LudwigvanEl,1
AntiEU2,1
hanscees,1
UniversiteitNL,1
tbeerda,1
HeleBoer,1
syntravlaandern,1
ikdenkvanwel,1
anesthesistje,1
AndrePL1,1
karen_vds,1
TopsectorTU,1
_auto_nieuws,1
genemuideninfo,1
mboekraad,1
Creteq_info,1
VersBeton,1
lamerswim,1
roos020,1
dadaland,1
RijneEnergie,1
GianniNL,1
Boost292,1
rinzesjoerd,1
AGThijssen,1
YolandavdZee,1
benboks,1
marcp1952,1
Belfius,1
bobknoester,1
kent_follo,1
HarryLocoMusic,1
RobbertHijdra,1
RogiervanMeenen,1
AHRisseeuw,1
ThijsVerhoeven,1
dmtgkh,1
PvdDEindhoven,1
TinekeHomans,1
marcvanerp,1
howardlweaver,1
HarrieBeernink,1
J_Kiers_Lelies,1
henkspits1,1
g_vester,1
MarcelSpan,1
bennileemhuis,1
EW_Vakblad,1
SaskiaRamakers,1
LittleStanford,1
ReporterRadio1,1
henriette1608,1
johanna_adt,1
hendriks_twan,1
rayca_nat,1
eventjes,1
Wesselman,1
Lubken48,1
Yaskeay,1
AKolhorn,1
installatiecoop,1
aronsmuziek,1
teejay_studio,1
sandra_lange_,1
vgliatti,1
RiaenHenk,1
BernardGrunn,1
MirleDawn,1
Autonieuws_NL,1
nienketrap,1
MaritMeier,1
SGrooteboer,1
Changerism,1
LampjeL,1
PoelmanJos,1
PP_amsterdam,1
Yoorsonlywrld,1
Transdev_NL,1
KoenRoeffaers,1
MichielPrincen,1
RuudKosters,1
BlackIkeEagle,1
WURenvironment,1
Kranten_en_RTV,1
parkstadbloeit,1
JMiluau,1
ariedeniet,1
hooftpijn,1
GroeneZakenDeal,1
MarleenCobben,1
DupuisEddy,1
co2ntramine,1
pootlam,1
PolitiekTweetNL,1
birdingbreaks,1
PetrusPostma,1
CarlaWijn,1
RoetzBikes,1
pientka_marleen,1
michielvdrunen,1
BartZevenbergen,1
rob_adriaens,1
AnnieVisschers,1
OP_Nederland,1
mirjamboode,1
Sietske_deJong,1
Mes_Jolijn,1
Ruemour_tweets,1
Leentje_7,1
NathalieRoman,1
somanagpo,1
vakantieparken,1
WarecoNL,1
GeertVerrijken,1
ouwehenk,1
LeendertAcke,1
allaboutattract,1
SOMABedrijfsopl,1
Goedlandt1,1
PrissieAlicia,1
Heikovaneldijk,1
UniversalAcid,1
delissen1971,1
VanGreetje,1
FCriticalThink,1
MaritOverbeek,1
SantiagovanVlix,1
huisartsalbert,1
MennoBroers,1
QuerienA,1
EnricoKarg,1
bjern,1
CVDeals_BV,1
PaganRene,1
localglobalsky,1
AdindaLodders,1
zorgsector,1
Wietskevanhees,1
KBGELUID,1
BoudewijnC,1
Moorlag,1
huisaanhuisnu,1
Ingrid_Weel,1
b_aerts,1
36sandjes,1
ondeRob,1
EWat98,1
lUUk1963,1
dave_meulen,1
valliepva,1
BNLVoordeel,1
FOGOL,1
2Ls1G,1
OU_natuur,1
ivovdvm,1
roke_borja,1
helma_beebox,1
edithbijnens,1
heertoon,1
Liesb001,1
Karlanig,1
1hschulte,1
KlaasTjoelker,1
LauraBromet,1
ManonVogel1,1
kevbrijer,1
MarikaMarku,1
mpost_pnb,1
Percolator_HNJ,1
EilandVoorne,1
huis_hoorn,1
TomvanderLee,1
weijers3,1
vonTips,1
bierhaalder,1
mrwimverbeke,1
kpenakok,1
erikvandijk99,1
af7qp,1
e_alzer,1
sergekornuyt,1
Marieke_v_Duijn,1
Brigitte_Gabel,1
BFinknottle,1
OudshoornEric,1
Amazon2all,1
levensverhaalES,1
CarDealTV,1
Marjolein0174,1
dagroenewold,1
wasbolletje,1
E__Broekhuizen,1
meschuurman,1
HeleneBleyers,1
NancyGoossens,1
gwsiemerink,1
isa_roelandts,1
JeroenGottgens,1
belastingrecht,1
mijnenergie2050,1
Arie_Spruit,1
KenniswerfZld,1
PAvBoesschoten,1
AvanVuren,1
darwinvink,1
HenkEikenbroek,1
60_henk,1
P2000_Regio18,1
BurnOutMamma,1
johanhoogboom,1
nicotillie72,1
debackerphil,1
rubengeradts,1
Lhaverans,1
ADdeDordtenaar,1
lennarthuizing,1
cecilevisscher,1
sweconederland,1
dedijkvanvier,1
pakoraboy,1
Klimaatcombi,1
haydeedeloof,1
TX01HB,1
KurtSchoonbaert,1
raymondgradus,1
meeus_kim,1
GWReichswald,1
CorinneVeraart,1
030Natuurlijk,1
Thijsdev,1
PaulSap72,1
DrPaulien,1
katjakruit,1
GeertsmaBenno,1
vlaams_leeuwtje,1
ThomasReitsma1,1
pietvanlingen,1
MannenToolbox,1
raklijnstra,1
trouwschmidt,1
CoquetteEric,1
RSK1992,1
statustaxatie,1
diwilik,1
WesselingErik,1
sanderphilipse,1
moniquevanwijk,1
theAAG,1
VarkensVandaag,1
BurenLageWeide,1
kittekat4,1
peterdavina,1
pieterwk,1
hgeurts,1
asito,1
MarleenBael,1
denisem2go,1
FlikFluimsnor,1
MirjamBink,1
KurtvanKasteren,1
ABCDEKoffie,1
AlexBeekhof,1
PBruynen,1
BHolierhoek,1
betsyduit,1
dicovanvliet,1
ART_TOUT,1
erotiekplezier,1
PeterLechner,1
Aanklacht,1
Easteck,1
josederoo1,1
AntiPropaganda3,1
LaurierResearch,1
rvdkooy,1
WBN_NL,1
CalaSalva,1
janvos_pvda,1
ouden57,1
dvotq,1
fatimawillems19,1
hansvanelk,1
janvandersluis7,1
arnoudmolenaar,1
Jonker_FJ,1
MirjamNelisse,1
SannieVerweij,1
GDuvillier,1
vrijdenkend,1
LonnekeA,1
Royalty,1
BertusLustig,1
WalsjeWouter,1
cieraet,1
petervandijck1,1
tijd,1
oscarjansen02,1
hendriksen75,1
DriesVleugels,1
reenergylemmer,1
riemersma40,1
HIERklimaat,1
AutoSnijders,1
depauw_m,1
canvastv,1
EnvironmentEye,1
LMoyersoen,1
AlfaJaak,1
AnsRobben,1
JanVaneessen,1
RJPlaizier,1
Rik_Rolleman,1
RBoute,1
CiccioFrom7,1
CrniLug,1
OCF2NBM,1
Willem______,1
Peter_de_Pagter,1
ikingmaNL,1
APostmaSmeets,1
DuurzaamHouten,1
GeoffPorter6,1
FintelmanNL,1
MarkHesterman,1
bcverhaeghe,1
IntResLivLab,1
DeHoogstraat,1
egbertwessels1,1
ProRealestateBE,1
Atlas_NK,1
jihib_tw,1
itewiersema,1
bierkoerierhier,1
retitwente,1
DerdeMj,1
JohnSteegh,1
WarmteKoudeZH,1
newzr_nl,1
ferre_beyens,1
StichtingDePof,1
dees_frederiks,1
giraffke,1
Manud1966,1
mikofLohr,1
Mrsfrederika,1
WdeBruin83,1
mauriceally,1
christa090670,1
Simon_Rozendaal,1
nsknsd,1
toegangtotrecht,1
drechtstadsboer,1
AMLandskab,1
uri4u,1
DavidLeyssens,1
allesvoordeauto,1
NielStaes,1
DetlefvanVuuren,1
Eaton_NL,1
leuven2030,1
de_windvogel,1
sinasalim,1
Ch010560,1
sextadatarde,1
AnasCortezReina,1
benignopf,1
garagekroes,1
RegioAlkmaar,1
mandywolthuis,1
auditcarriere,1
CleoMatra,1
lincconard,1
AnBeVe,1
Nieuws_Zuur,1
GregOlszewski,1
bertroete,1
MichelHoetmer,1
georgeoomen,1
rumajo,1
815ToNoWhere,1
josborsboom,1
Sjoentje,1
NU_Duurzaam,1
Peter_Voshol,1
elisabethswart,1
philipferdinand,1
Comfirmnl,1
cuppentijs,1
hugovandenberg2,1
koen_leysen,1
ChampagneJMG,1
JuliaWilliams40,1
GenoegNL,1
JoopKetelaers,1
xguppiex,1
FerdClaassen,1
onnohoekstra,1
pgosselink,1
riniek80,1
KlimaatAlkmaar,1
elsgasseling,1
Robinpeys,1
inspiralcarpet,1
Waaldijk,1
thomasulmers,1
GvanderHoeven,1
manonzw,1
BrendaWalles,1
vancalmthout,1
joyxriding,1
twitsterno1,1
PcmPaulien,1
AMSpierings,1
MartijnvStratum,1
joshollegien,1
PetraSchoof,1
swagemakers3,1
Outappel,1
Aboujahjah,1
beawem_bea,1
EerlijkWinkelen,1
kvkofficieel,1
GeertAmersfoort,1
HannaBervoets,1
riekswestrik,1
derkhueting,1
RovanZon,1
PatrickvDomburg,1
BasisinkomenA,1
wilfriedwippers,1
MMennola,1
GrandioosGroen,1
PetraLigtenberg,1
lientje1967,1
qtacairsoft,1
KarindeBruijn,1
jeroenschrijft,1
Brouzje,1
Profacility_FR,1
HuberGezondFit,1
tejomid,1
LiesWeder,1
kamerbreed,1
P_Hoenderken,1
cblondeel,1
betha1212,1
OBSWest,1
MennoOng,1
HistoryWorldArt,1
FoskedeWolf,1
evyvermeulen,1
JannekeAar,1
tilned,1
JelleMarchand,1
Jeroenvvl,1
VarkensinNL,1
erikvisser,1
PouderoyenBV,1
garfieldenpluis,1
LucAdolfse,1
_jona_s_,1
Hartenn,1
Cementbouw,1
newsextract,1
RdamKlimaat,1
bergfrans,1
GuillaumeGoijen,1
Para_L,1
TheLadyJeanny,1
rienhoeyberghs,1
CoenenDan,1
DagbladWAT,1
manahaas,1
GuyStynen,1
joostbrinkman,1
Veldhorst__W,1
Ineke_deJong,1
bramvanliere,1
petervlelieveld,1
HetKrantje,1
Dries_Mulder,1
ErikVeltmeijer,1
ellen_oomen,1
vrdvkees,1
TreesForAll,1
michielverheij,1
healthcaresbe,1
MauritsGroen,1
HarmenSmid,1
georgehbv,1
NVVnieuws,1
Theo_Sikkema,1
robertvg,1
PelleboerHenk,1
HoeplaHoepla,1
marionhelmers,1
karinadehoog,1
xynyxs,1
1paspoortpartij,1
HaQuV,1
Fay_Boyer,1
wiegerpollmann,1
DuurzaamAzie,1
StefanCoucheir,1
GrootscholteBV,1
ITookYourName,1
energybattle1,1
BasElfrink,1
RijkeWaddenzee,1
johnhonda1,1
M_Hodzelmans,1
KlimaatNed20,1
AllFixedNieuws,1
MHilkens,1
VeenhuizenGroep,1
rhaar000,1
mennekens,1
pacojw,1
Voslin,1
Iko_Nal,1
hartjegieten,1
tvdloo52,1
shakey3904,1
LinkseN8merrie,1
hansdellemc,1
Fietsreiziger,1
timmoterpstra,1
SarahSarahfeyen,1
ogramvdv,1
JuriePost,1
elisaveini,1
LeoSonneveld,1
cortenberghe,1
ddjab,1
TankProNL,1
alavangelder,1
BlueLinesT,1
Stichtingfrom,1
rapsapklamotte,1
manekibs,1
HermanPloem,1
WiljaJurg,1
OttoPTakes,1
IbnalAshraf,1
ern_abart,1
LeoKnock,1
schylgemedia,1
iemkjedeboer,1
veranderwens,1
NaveStefaan,1
Hobbyverslaafde,1
dinglesprout,1
DominiqueVanpee,1
Ri_s_PieterKorf,1
haalermeeruit,1
jvanamsterdam,1
McMarghem,1
TonhBC,1
martijnstorms,1
Johan_Buys,1
projecteco2eco,1
jaklke,1
HansBassing,1
mrmkolkman,1
vincedevos,1
BulentIsik1121,1
daschoenmakers,1
MaartenKoning,1
nicoledebeer50,1
rjrietveldt,1
bloemekets,1
WijaKoers,1
1Holland,1
GREnergie,1
fiederels,1
CookingDo,1
_d66,1
Eduard_Mangal,1
GermaineKuis,1
mauritsschilt,1
josepepels,1
ThielenVan,1
jelkaboth,1
FranceComfortNL,1
RuudGrondel,1
KernwaardeGroen,1
Guayadesign,1
KatjavanNus,1
LeoVoorwinden,1
RixtWierda,1
robdenijs,1
DuurzBeleggen,1
JanKuiper2,1
TNInstitute,1
FoodProNetwork,1
AxiomaNED,1
Rottoturbine,1
Newwr,1
Henk_Baas,1
leepvogel,1
bertsche,1
Verkiezing_2018,1
2015Geetanjali,1
B2BAltena,1
kvanschieveen,1
SolarusSunpower,1
SurinaamseKrant,1
CodeRotterdam,1
JasperDru,1
AdFaasse,1
franscolthoff,1
widtvoet,1
GielDeRuiter,1
ajwillems,1
PRATIKMOURYA07,1
framenso,1
greenSandco2,1
luucchristensen,1
marjaduin,1
RoelvanTongerlo,1
plazadren,1
apjvalk,1
DoorDrenthe,1
rooshaverman,1
walcheren360,1
Dot1144,1
Manu_Vdvelde,1
jos_wynants,1
aliettejonkers,1
rayaqua,1
esbeitler,1
UC_Technologies,1
andreavreede,1
HSalverda,1
borst297,1
Ilsemiedema,1
JankoLolkema,1
FreVanOverloop,1
StefanW74,1
gfiwg,1
HarrieMiedema,1
kremerpeter6,1
GTvehicle,1
ronlambalk,1
DNVGL_NL,1
taradomio,1
atievanstijn,1
YvienneVDBerghe,1
AmEcBoard,1
DeHollanderL,1
famwer,1
Maarten_vw,1
simonfrans,1
timdegier,1
JohnvdNet,1
hgbrink,1
BurtBig,1
Toekomst4,1
BosmaHans,1
ZohrabyanArsen,1
MuslimInEurope,1
SnarfxFrans,1
jwbob,1
drjelledevries,1
1varkensgeluid,1
HenkNieuws,1
lustkapper,1
HenkHerkink,1
ADDrenthe,1
Wereldwijdweb,1
SchuitemakerL,1
lenifillekes,1
mathieufransen,1
call4cleanair,1
gezanick,1
Walk497,1
KPiekla,1
MinasyanAreg,1
Adaknol,1
dcrrspndnt,1
aktweetsbe,1
PiratenNH,1
StefandeKoning1,1
klimafobie,1
fieldfactors,1
MaralungaC,1
evert2508,1
Annappanna,1
JaapJongejan,1
NLgreenlabel,1
schipholhotspot,1
HarrySuilen,1
gbroucka,1
jmetske,1
semwa,1
Afvaladvocaat,1
JadeOudejans,1
Slimdak010,1
frankerwood,1
r_verwey,1
BLOCnl,1
BeautyinaboxBe,1
ADWestland,1
steeph,1
WillemPetersw,1
JanMeuleman1,1
robin_willing,1
JosVink1,1
EDFLuminus,1
hofjer,1
LouisBolk,1
NellesteinR,1
fleckveeboertje,1
LindaJeffreys,1
KlaasBrongers,1
sterkpersoneel,1
Formule_1_,1
C_Groenendijk,1
marktaanbodme,1
arcadisnl,1
liescorneillie,1
ORSkaagbaan,1
Mowikan,1
eViLtOdAy_net,1
lisette_vdmeer,1
SteffenVR,1
nlontwikkeld,1
avdvnmg,1
404tornosubito,1
KolsuMaSD,1
RonRonMes,1
GreetjeSchmitz,1
mhendrikxm,1
AldoSchelvis,1
JeltjevanHouten,1
mariuslkk,1
FVerdonckt,1
DenisFrissen,1
anneliesbon,1
veradalm,1
WouterZwart,1
henri_zuber,1
AndreVanDelft,1
groeneplantage,1
GuusvanLienen,1
ACEA_eu,1
hanolff,1
Jovankavis,1
MikeTurenhout,1
koencarels,1
riesbergen,1
lestergas,1
mauricespecht,1
InspirAktie,1
Anarchazazel,1
MendyVinke,1
rensweustink,1
PieterGrootendo,1
Freek_MD,1
syriahabibti,1
NHDWaterland,1
bbuizer,1
theon0563,1
KorrieLouwes,1
Gasunie,1
brambronneberg,1
TanguyTerlinden,1
PerryvdArend,1
nederlandschoon,1
studio23nu,1
Pieter_Kos,1
Brabant,1
FB_Groningen,1
jaapdenouden,1
GroenOpgewekt,1
Forenser1,1
MilieuCompact,1
orthopeer,1
BedrKringUrk,1
donkeredagen,1
ecoklushulp,1
BrendanTexel,1
peterverduin,1
Koen_DeBacker,1
VanManenJurAdv,1
Eva_Lynn_,1
VigeoEiris_Be,1
ElisabethBennen,1
rufivanrooy,1
EvelineMolier,1
VWGTexel,1
onverschrokken,1
energiebusiness,1
volgvarken,1
Raaphorst,1
marcvolder,1
LintHans,1
VacaturesHoogev,1
lieselotmeelker,1
willaminne,1
tomvandenberg,1
bunnygail1977,1
wib_nl,1
ValutaAdvies,1
connie_brouwer,1
kuchelnaar,1
NanoSchaft,1
AcceleratioEU,1
elmervankrimpen,1
FSCNL,1
hansklaassens,1
NicoKrols,1
jacht_en_boer,1
DbergV,1
ZPnetwerk,1
BMoeskops,1
hansdegeus,1
louis_ide,1
21zonnecel,1
JoVandeurzen,1
FritsWuts,1
Veiligoppad,1
kvanhaagen,1
dc2net,1
hadi_seyreyle,1
wolgebruik,1
BergsmaGert,1
PatrickVAssche,1
tourre_miriam,1
IngridBilardie,1
JAvanLeerdam,1
MDC_Media,1
DdDirkdijkstra,1
coverklift,1
RemcoNeumann,1
Euroadvocacy,1
Bas_Taart,1
V1ctorW,1
ARCAMupdate,1
INTERREGTweets,1
tondekok3,1
MichielRuijter,1
CrazyEarthLover,1
a_vermeij,1
Smartman_2013,1
CarlOlivier5,1
JefVries,1
PaulettevOmmen,1
vdborch,1
JillPeetersWX,1
BuijsPaul,1
RobertGraat,1
ivogeorge,1
RobinvdBles,1
FredSchoorl,1
dreoudman,1
stepanba464,1
kristorfs,1
tx_vincent,1
HermanGalle,1
JackvdVorst,1
kari_haf,1
HupLopen,1
JackCobus1,1
VriesHilde,1
bertvrenselaar,1
LabMakelaar,1
DiffCoa,1
draaimeulen,1
MirjamJochemsen,1
meteodelfzijl,1
Dutchvlog,1
pinkpolitiek,1
ssalut,1
bakkermantjes,1
Less_Energy,1
HalloZoey,1
C_Smart_Climate,1
OpSteenbreek,1
PrinsAlexander,1
PvdDZaanstreek,1
QuirineEijkman,1
FrontaalNaakt,1
4d35ddbdc6bc486,1
KLageweg,1
GKeuzenkamp,1
dekennisvannu,1
ADDelft,1
cmsanchezgomez,1
Gerbijl,1
djeppink,1
waterdutchman,1
dzjr74,1
SoftKnitArtEtsy,1
LudwigBollaerts,1
formule1cafe,1
KraaijeveldM,1
KlaasPals,1
willemdejager67,1
duurzaamkantoor,1
ChrisVanEekhout,1
Greatfacility,1
sergedg,1
Energie_U,1
RonnieKox79,1
KatrienDebal,1
nieuws_formule1,1
MarijnPrakke,1
JokeHermsen,1
DannyFietst,1
NLKantelt,1
MariaKolossa,1
Bloemoen,1
Nschotte,1
MarijXXXX,1
AllesovrMisdaad,1
AnjaKolibri,1
Erik_Pennings,1
Klimaatactie,1
MarcoOut,1
Spant_Bussum,1
tonnemaker,1
AntonLips,1
HarryKeizer,1
DennisBeks,1
doenormaal_1,1
tonlijten,1
Drapman,1
VBenad,1
CSchuuring,1
fransmaes1,1
PieterRIS,1
MargrethaG,1
_Erwin,1
MarianFlorcita,1
Ron_Schippers,1
jeroen_mulder,1
OHartgerink,1
YerusalemIsArab,1
HerbertWensink,1
ronaldbronsink1,1
jrrjbos,1
1_Vagabond,1
ratheld,1
TravelaarNL,1
PvdDAmstelveen,1
D66Nuenen,1
GertHeij,1
ZorgAndersTv,1
roudle,1
zap_joe,1
martijnduijndam,1
Rotterdam1971,1
D66DeBilt,1
CCees,1
Eelcodevos,1
GijsWeenink,1
wesselsimons,1
inktcoellie,1
SimonsJeanine,1
Wattanders,1
TimoKoren,1
addie_sl,1
broekvdp,1
ReemBakker,1
HLN_BE,1
Esselbrugge,1
GeertsJP,1
linda_nol,1
SvenSteps,1
AaltjeSaarloos,1
jelle6789,1
carlavandorp,1
enzp,1
vkbodegraven,1
Jan_Pijnenburg,1
tweet_t_c,1
marcelspaas,1
PeterRas10,1
FrankBaars,1
TuindorperUtreg,1
BorroniAnna1,1
revalidatie_NL,1
ebuising,1
12c34c,1
TAKERacer,1
PWoodfall,1
andreJurres,1
AJBDW,1
corte_gerard,1
geerteenhoorn,1
Melody2Memory,1
weliswaarbe,1
EKO4petz,1
verwarming_nl,1
PvanArkelFA,1
PvdDTilburg,1
laurehermans,1
_devallei,1
LenaSwan,1
ZuilenV,1
ReinhardKlophau,1
adoolan34,1
InPersonwerk,1
Martin_vos,1
KarinVanRoyen,1
lennartgraaff,1
X5egKEt31RKg2N6,1
HaroldVegelin,1
MoniekWulms,1
kirsti_zwaard,1
fritsdekaart,1
josdings,1
MargotKiddo,1
DeRealist2016,1
verrukkulluk,1
CurlyMoustache1,1
Itsme167,1
KMSchreuder,1
renevanmanen,1
SadeAdeolu,1
hiltrudpotz,1
Ytalha93,1
jurrvandalen,1
tasvolverhalen,1
alexvisser1,1
AlainVerheij,1
timo_veen,1
RdonkBroccoli,1
moi_fp,1
NicoleSchoutens,1
Levagoprojekt,1
gmlageveen,1
hanseprtl,1
Fair_Pol,1
harrison33601,1
5673BZ,1
noneofyrbsnss,1
mikakyra,1
RuyssenaarsJan,1
denieuwedraai,1
hans_koopmans,1
WZConsultancy,1
MVijftigschild,1
spaatsie,1
HarrieRosink,1
JoyceHeijningen,1
ireneimmink,1
wamelink_wieger,1
OverDWARSmag,1
HiskeRidder,1
EllenOut,1
DaidaloDaedalus,1
GerritRentier,1
OlivierW4,1
micheleggermont,1
NjordOskam,1
djwolter_nl,1
OlifaNT,1
SanderUiterwijk,1
BiebVeldhoven,1
DObservator,1
Manon_Klein,1
aukeappelman,1
tombogman,1
PaulSmeulders,1
maukstudio,1
_huizenmarkt,1
HansvanderSpek,1
GregBroekmans,1
MargrietdeJager,1
DBarbarella,1
KirstinPoot,1
angelakanters,1
roelsint,1
HenriBontenbal,1
deheij,1
FleurilaEGS,1
_mp_h_,1
Bluesbarn,1
riskparty63,1
ArabelGroene11,1
Wegenbouwgww,1
ClaudiaMinreyl,1
PepijndeKorte,1
thorbeckestraat,1
annemarievln,1
hermgod,1
MonitorMonkey1,1
gezondNL,1
AvanHolstein,1
BonneBellaNL,1
eerlijkesos,1
nicolienkroon,1
vvsg,1
HolgerEwald1,1
SFO_GO,1
johnvandersleen,1
happybandits,1
_Nieuwegein,1
wmmckenz,1
RutgervdNoort,1
marijearah,1
C_U_R_E,1
Stimuland_nl,1
TgthrNL,1
Debby2701,1
angeliquekuut,1
fabianroos1980,1
CerilKatuin,1
ezu_yar,1
zonnevijlle1,1
COostenrijk,1
franca_horst,1
bolleauk,1
p_post,1
Aethonaia,1
ChrisWauman,1
arievandersluis,1
liekecoonen,1
MarijkeVanElk,1
AndreBrouwer,1
serverloos,1
Midvliet,1
Aventus,1
TopogigioRini,1
berryovervelde,1
Koen_Geens1,1
NIBC_Bank,1
kieldiep,1
Startman72,1
greenportnhn,1
H_J1966,1
peter_porto,1
ecoArtistLynch,1
Tovenaarsberg,1
AmazingChevVolt,1
greef_kris,1
Digitalaaf,1
benhoogendam,1
meertensmit,1
HenkGossink,1
Krakehoeve,1
JolandaHeistek,1
nightmarenieuws,1
TicketSpyNL,1
WilliFunken,1
ChelseaDobozi,1
NicoPlantenga,1
WestAudio,1
Wangenstein,1
rubbie14,1
DocYvan,1
JosReinhoudt,1
temboREP,1
jgcoppens,1
Cristel_Brouwer,1
tinyvlx,1
ecowriterNL,1
nlmeteo,1
LStute,1
DuitsP,1
bellser48,1
willem2712,1
SiegbertvdVelde,1
zigzagsolar,1
HilliedeKoe,1
MarcBecque,1
GoaTranceNET,1
666budel,1
kjihgfe,1
pvbprive,1
ZehnderGroupNed,1
wouterhylkema,1
josgrafe,1
Dame2010,1
foodprintnl,1
RolfHut,1
watercourant,1
gijsbertsbert,1
OVnieuwsINFO,1
HVdVelden1,1
EricvKaathoven,1
FairClimateFund,1
PieterBauwens,1
HeinvElderen,1
DirkVansintjan,1
RonNagtegaal1,1
carolinewerf,1
zonheuvel,1
a6_nl,1
shapingsociety,1
SteinmetzNL,1
Femkewoltring,1
ArjenRonner,1
hemeradiana,1
AgricolSeeds,1
BomenAchterhoek,1
vermeiretim,1
startcrafting,1
groenbeernem,1
alutechnic,1
nellekooren,1
ankevanhal,1
ralphmens,1
erikbouwer,1
filosofieblog,1
atlantishandel,1
AngelsWriteNow,1
LoomanL,1
MariekeVerhulst,1
EdwinMermans,1
Inno_Agro,1
Berrie_v_eld,1
WimDuf,1
sannahdebrouwer,1
OlafterHaar,1
yvonneanoniem,1
AfvalOnline,1
kleine7a,1
hazetochten,1
Toekomstmakers,1
_waterland,1
JanPeters5219,1
Hubrien,1
Tracy_Snoddon,1
Jeannet07399596,1
ghl_eo,1
Gabyvanhagen,1
Myriam_De_Ly,1
HenriqueOz,1
cdenv,1
FishRuleEarth,1
MariendeBruijn,1
fampoes,1
jaaptoet,1
wscherphof,1
arnethieme,1
BuildingHolland,1
KoosBakker4,1
Violinka1870,1
Icecubies,1
GeertRoovers,1
PrangerRosier,1
visserijnieuws,1
JoannePenning,1
WeegmeesterG,1
RobvanEeden,1
presentmind,1
sypwynia,1
korsofkors,1
wflorizoone,1
joosockels,1
GoudaDuurzaam,1
carpeGt3,1
nynkeschaaf,1
Oss_KE,1
Henkmuis16,1
Soulgood,1
ReneSalemink,1
Motorsport_NL,1
DJFBel,1
BarthCarlo,1
saravicca,1
kees_ontwerpt,1
FrankBorstArt,1
JanOveresch,1
VietnamOAB,1
_HvT_,1
Simon_Benjamins,1
NEOverijssel,1
huykman,1
duurzaaminkoop,1
Bijnagte,1
GertVeninga,1
_krantenkoppen,1
Jeschica,1
HeinevdM,1
Ron_de_Rover,1
hanstimmers,1
Emeraldluxury,1
Yamapama,1
regio_logisch,1
vastbeter,1
PdRarchitects,1
marcelvdakker,1
persd66brussel,1
sHeerenLoo,1
MrLucassen,1
genoegvluchten,1
soumyajitdey7,1
Stadspartij,1
TwentseWelle,1
mbuelens,1
Krishnafred,1
degeketendeeend,1
dbis,1
KathActNed,1
AmsterdamWoont,1
RThBominaar,1
HelmaVerberkt,1
hpiera,1
Schaamteloos,1
ondernemersNu,1
HendrikVuye,1
hanswiltink,1
heuvel874,1
kennemerwind,1
binowage,1
ClimateBonds,1
LuitjensSB,1
WUReconomic,1
Nibotnis,1
GIICoalition,1
AtheneumMXM,1
LosCornelis,1
Neeeltje,1
miasaric,1
Jossedevoogd,1
ZwaantjeV,1
tomgreep,1
Valentine_D_,1
1980Anke,1
SWHHIN,1
Innogreenvof,1
Cocoamok,1
superernie,1
PolitiekeOorlog,1
jdegens1,1
KNV,1
A_Stuurman,1
DroomhuisXL,1
Inge_Happe,1
Scientias,1
GorisHelena,1
Alextim63,1
eelcoeikenaar,1
marc_pruijn,1
RondjeGoes,1
scheven1ngen,1
EduardvanB,1
M_R_TEMPEL,1
BreukersGerjan,1
accvanmorgen,1
PiqueIito,1
PvandeVenVessem,1
martijnkolkman,1
klaasusa,1
marcoveenema,1
Marlenemclara,1
Djoedit,1
louwersmedia,1
ArnoLommers,1
fjderidder,1
ElinevanNes,1
HetBlauweHart,1
JonaLambregs,1
OVLDTieltWinge,1
GJSchaeffer,1
headlines_nl,1
bomenconsulent,1
WinghMan,1
WillemvanValen,1
aanknoeien,1
SpeltPeter,1
BDemeersseman,1
jokevanameijde,1
IvarKunst,1
RTLZ,1
schat1,1
jodysteyls,1
ZuiverHVT,1
EvertvanVliet,1
skender,1
FLIPudBETUWE,1
ronaldvdhart,1
basher_72,1
paradisefm,1
bmolaa,1
InfoLegtenberg,1
ssteverlinck,1
El_Griego79,1
bennas,1
AhSarcasme,1
jesalba,1
DievanCarrell,1
DuurzaaminStaal,1
timlester456,1
humaansociaal,1
Dulfera,1
HesselKruisman,1
Nuonnieuws,1
JennekeKoehorst,1
piet118,1
ElwellGraham,1
mrpshropshire,1
petrosheinnn,1
VanOverNaar,1
Buurtkanaal,1
VacaturesAmersf,1
toniemudde,1
ernatraanberg,1
AutoBreman,1
RobKoster,1
schipbeekwind,1
Muizebeestje,1
MartijnTonies,1
NiekvLeeuwen,1
PeHa72,1
BKBAcademie,1
DenDen_YT,1
bastaar,1
Hubert_zelf,1
birgitklomps,1
LochemNieuws,1
WereldwinkelWbD,1
j_savelkouls,1
CodeKloet,1
ClaudiaBouwens,1
SustainableJunk,1
bastiaenstibo,1
davandermeer,1
jansmitters,1
Jirikis1,1
JeanetteHamster,1
andriespoppe,1
bewogenburger,1
KameroenNet,1
JoesvanAsten,1
Niek1953,1
OudeStadt,1
ChrisMonastir,1
twoord37,1
rogerbruyns,1
wolf_wim,1
appeig,1
RegSag,1
sabine_dumoulin,1
MevrouwVanWijk,1
PvVegt,1
laseruniek,1
estherklos,1
hansbothe,1
ank_blom,1
LimburgBe,1
jvandiepen,1
eppobruins,1
mila_schretlen,1
lagendijk16,1
delaatstemeter,1
ArmandVervaeck,1
hbest1982,1
daltonwz,1
GuidoRijnja,1
Annelike_D,1
harrie_timmer,1
Mobilityheroes,1
AikmeeuseA,1
shirleykulk,1
JochumD,1
DJAlssema,1
Dagtes_F,1
petrusvandijk,1
Introversum1,1
Monicafalck,1
Ria_Mentink,1
PauldeBeerD66,1
seedsmarijuana,1
jannyvdbogert,1
tomjanmeeus,1
Kurt_Goossens,1
Maskarina79,1
erwingeo,1
howfightracism,1
martinlok,1
gemeenteHbeek,1
RitaCastele,1
yoeran,1
Rik3080,1
gcijsseldelta,1
Dylanioo,1
JokevanWensem,1
De_Goede_Fee,1
raymondscheep,1
willemjoustra,1
nieuwsindenhaag,1
ProviderLijst,1
YoeriAlbrecht,1
ericminnoye,1
Huisz,1
quikjl_,1
MartijnFSnl,1
michielhaas,1
KapsVoula,1
RonHerscheit,1
Micronevel,1
Gnisar77,1
CWbis,1
BaukelienK,1
natasja_dankers,1
venezia_56,1
TheanneBoer,1
Faatopreis,1
liberaalvelsen,1
fair_air,1
Go4greatest,1
Wilma_Berends,1
elisabethbv,1
LievenTailly,1
adri_houweling,1
NatuurIJburg,1
carlahoffschult,1
SanneHille,1
BouckaertA,1
WURmarine,1
Fokkesnoekurk,1
Strateeg,1
verkeersnet,1
KwekerijWesthof,1
Boomfeestdag,1
susankimkes,1
scharrelwild,1
NVA_VlaParl,1
Emesu50,1
wijnt,1
anjosje2,1
RowenaGoesApe,1
Mampaeyinstal,1
finetteoele,1
LoveIsrael8,1
JohanLok1,1
vetteviscom,1
JadwigajmvSolar,1
Drenthe_,1
michelstuyts,1
MDVisserij,1
Deduge,1
reinderschaap,1
AvantposteEu,1
MRoijakkers,1
WURplant,1
TremblinTony,1
D66_Rhenen,1
maartenhajer,1
kapsalonJenny,1
iffinetwork,1
Groenwerf,1
dekoran1,1
JorisBaecke,1
wouterveldhoen,1
wankja,1
tacoold,1
NickyBouwers,1
MartjanKuit,1
FietsersbondBE,1
itassessors,1
marianterhaar,1
duurzamestad,1
Dutchgaskvgn,1
HWissen,1
justine_LBell,1
Boerenbond,1
ansbouter,1
cecilecusters,1
Ton_Overmeire,1
ikroepook,1
WillekeBakker,1
peterdekock,1
GemeenteLV,1
MarjonKrol,1
mlefhoogendoorn,1
NMCXnl,1
thesainttwit,1
marieke_werf,1
hotzehofstra,1
incoropaul,1
AJMvanBeek,1
topvrouwatwork,1
IGG_NL,1
JanHoekzema,1
Factinat0r,1
NissanElectricC,1
RoseAnnLumChou,1
GerkeDraaistra,1
vdhek,1
Benik_Weer,1
bobcrebas,1
geothermie_nl,1
victor1961,1
DOK41,1
Dukkers,1
EarthMineYours,1
fvdscipio,1
ipsum_peter,1
Gasschandaal,1
Jean_Aerts,1
JosSluijsmans,1
berber1904,1
HoefkensW,1
GFCNieuws,1
BErbisim,1
fennystraat,1
renepeters,1
tonnoorhoff,1
chantalcoolsma,1
jackiewp75,1
MiekeKessels,1
ERWINvdMEER,1
GoldminerGold,1
eric1502,1
anneloeswh,1
NeijensJan,1
B_Biemans,1
Aaahmehoela,1
naussi_lemens,1
ChrisKoolloos,1
OurLoggerboy,1
Peterbruijns,1
Tighza_Taza,1
Aristocraten_21,1
dancing_violet,1
cringers,1
EBOverijssel,1
ChrisKrast,1
TTNederland,1
VictorVlam,1
AGaublomme,1
Alfred_Meester,1
Inconnubl,1
DriesseWout,1
roellenoir,1
RinskeGreenWish,1
jaappannekoek,1
JeroenElden,1
LaenenPeter1,1
SchneiderHans,1
bobbrand_nl,1
HellenSluiter,1
wv012,1
silleke23dingen,1
knakdeworst,1
bomengidsnl,1
bespareninfo,1
Shopper_boy,1
IUCNNL,1
ARakhorst,1
Lindelaantje,1
Infocadl2015,1
BertineOosthoek,1
naald,1
hhsenk,1
igsan_madr,1
mgbouwman,1
KellyRoept,1
RCremers,1
barendregtvb,1
WvanCleef,1
HansHelder,1
ChrisBerkvens,1
gineke66,1
MBoussery,1
tcorneillie,1
dezuu_nl,1
vawijnbergen,1
DickElk,1
SPprovGroningen,1
Wim_De_Meester,1
brafot,1
andreasvbeek,1
vlietnieuws,1
marqdevries,1
Logisticsau,1
DenKivo,1
leendertdouma,1
THX113812,1
bronsgroenlim,1
ArthurGysels,1
petrakramer,1
denisepronk,1
avanewijk,1
alfred_jodokus,1
HildeKalthoff,1
RobertvandeRoer,1
GreenWWarriors,1
ZORGMagazine,1
NPORadio1,1
Subaru_RoadTrip,1
StShamanArt,1
rebelryan77,1
EllenSikking,1
terzaketv,1
Lampje87,1
VDCtweets,1
De_Kaashelden,1
txgids,1
KoeOpAvontuur,1
Krijn_J_Poppe,1
klimaat_bouw,1
WilbertHawinkel,1
Marjet1981,1
BillWijdeveld,1
dirkvanzundert,1
guuswillemsen,1
randrafels,1
diedemink,1
joslange2,1
DCeustermans,1
InkUtv,1
Bokma85,1
demakersvan010,1
ynrosina,1
lynlyn332,1
Ronald964,1
E__Oosterveld,1
4PTM,1
fosngo,1
Consugreen,1
JohansVisie,1
ZLTOBorsele,1
EwoutJansen,1
lvw65,1
jennyptc,1
krabvrouw,1
afrikanieuwsnl,1
Henk_Fietst,1
IndigoHans,1
BolmanBas,1
albertgoudberg,1
CWSbocoBeLux,1
jpmroland,1
Yoorsonly,1
PMPDuurzaamverz,1
Peet040,1
HalbeVogel,1
sjoukevds,1
VeenMinke,1
etverhagen,1
jitsetalsma,1
frankdeboosere,1
nieuwDamcentrum,1
Martinvanwyk,1
RKDRE,1
reinywielsma,1
thierryd,1
R_de_Collier,1
rodewijntjes,1
Tommietomt,1
pluraal,1
riffyyyyy,1
willemvdbiezen,1
Remon25P,1
twiga_advies,1
DickSchaapNL,1
followthis2015,1
DennisOvereem,1
WilcovanderBas,1
9fornews,1
renzevdsluis,1
Raet_NL,1
rolandkok,1
eelcobvr,1
djvandersluijs,1
WijnjaGerben,1
PaulGoudberg,1
huibertbijland,1
SnijderRian,1
JackTsang42,1
MarikenLeurs,1
DIBEBO,1
MidpointBrabant,1
EmileElfferich,1
ivoboode,1
hazelhorst,1
petervalk1,1
harmjanidema,1
Sabineworks,1
nhdagblad,1
RobsTwitts,1
GabyHemeryck,1
willemwansink,1
RHarmsenNWEA,1
KlaasGroen,1
hkleinti,1
henkschimmel,1
AqualabZuid,1
visaquarium,1
ianmacd,1
Tijdo,1
lisadeveltere,1
astro_andre,1
ad_toet,1
harutt,1
LucianaBoutox,1
steen020,1
EuWaanzin,1
tuquitogood1990,1
KeijenvanEijk,1
rennemark,1
idac1957,1
birdutterance,1
reneleegte,1
BertDeWel,1
henktepper,1
MadoRuys,1
stevenV_be,1
WURglas,1
peiert,1
boefie888,1
010byday,1
RadioVryheid,1
FleurBesters,1
FritsvdSchans,1
Leo_Bosch,1
AenA_Accountant,1
wkkippen,1
m_joserodriguez,1
WimSoons,1
BuysseJan,1
Palkomitee,1
AEGoedbloed,1
eriktimco,1
equus_morte,1
leontebbens,1
BriefAanJou,1
karelh,1
Bartissimus,1
AgroEnergy_NL,1
mtvdlinde,1
Welzijnsverbond,1
FBrand2,1
wakarimassen,1
uhuraatje,1
nrc,1
frankbuijs,1
Zjoert,1
EnecoNieuws,1
MirandaMesman,1
guidobik,1
LutgartEnis,1
simon_miske,1
Heidewachtel_B,1
CDADuurzaamDZB,1
weeverevolve,1
BEWITHYOU33,1
klimaatbeleid,1
secrNatuurMo,1
manuelbeterams,1
Boerburgertweet,1
197winstonsmith,1
LarsBoelen,1
martinaddvision,1
Europarl_NL,1
aztinstallatie,1
AnnaSchoemakers,1
Meerwind_HLMMR,1
bandenport,1
GerjaKoldenhof,1
mvanderKist,1
topsauna,1
AirLiquideBNL,1
arjenUSA,1
annefleurdd,1
__Stranger_2,1
maartenbakkerch,1
Caroladevree,1
KennyJos4,1
quartierdetweet,1
1DieReportage,1
cornelisdewitte,1
HilverZon,1
2Plot,1
SustLivingBe,1
carlafitness21,1
HansGilissen,1
Civilsitenl,1
WakaWakaNL,1
DrGertJanMulder,1
EVConsultNL,1
M_Kuipers,1
HakvoortQuality,1
petervanlubs,1
op_texel,1
CoolsKat,1
omroepwest,1
RISurk,1
JanMVink,1
Albert_Faber,1
Sabio_VD,1
Richardpltcs,1
InekeKielema,1
jatmoos,1
Onafh_Zf,1
marlaila,1
JogaBrouwers,1
JurgenGreven,1
PatriesFaaij,1
OPJosvandenBerg,1
GaviMensch,1
HelderSchrift,1
JohnSluijmers,1
RichardWouters,1
stokkink,1
ObjectumBV,1
TanyaVoorne,1
TimdB,1
RHoijtink,1
KatrienDeClercq,1
axelronse,1
VL_Isoleert,1
Chris_uitAbcou,1
NatuurKiekers,1
zeeotter,1
robwijnberg,1
thuiscomfort,1
InekeDijkema1,1
mellowmenno,1
Veerman_Edward,1
RachelleEerhart,1
NutSelect,1
klink_marcel,1
esther_nkansah,1
Twingetwing,1
jmajudith,1
MakerFestTwente,1
BusserCristel,1
vanmarcke,1
Autotot5000euro,1
Gerco74,1
LDamenEvers,1
OliviervanDet,1
FarikoBrainiac,1
MilieuFocus,1
roosmarijnline,1
Coenasss,1
MVOvettefeiten,1
jolanda1253,1
ReverseVending,1
KassandraTroy,1
NORMABEATRIZEC4,1
HDesair,1
johnnybull_,1
clemensis,1
piep_kuiken,1
RudiBeeken,1
haayman,1
TsjerkTerp,1
BrusselmanGuido,1
pvvrivierenland,1
mama_van_jersey,1
WalterDigneffe,1
Sebas_vd_Haar,1
pauldijkman_,1
Sandervdw,1
ChrisIsErbij,1
cvrooijen,1
AgrifoodCapital,1
boeseric67_boes,1
duurzaaminnl,1
MarianVolkers,1
danielmclion,1
peter_schijven,1
WeteringNL,1
mmeeuw,1
MatNicaise,1
KoosWijbenga,1
Martin2Bakker,1
DannyNLD73,1
DavidRenkema,1
AppySluijs,1
RTLnieuws,1
bio_vincent,1
henk_ram,1
DriesBultynck,1
arjenMaD,1
poels_j,1
GreenDealZES,1
frgroenendijk,1
FryskeFisker,1
ErnstLissauer,1
Vinexfred,1
bdzion,1
RobHoenen,1
ClimateKIC_NL,1
BNR,1
HugoVerspuij,1
WilmavdStroet,1
AarninkNED,1
lisaboerop,1
JoopBouma,1
JefHorians,1
rockall158,1
AFrentz,1
AlleenF1,1
JaspersWout,1
MarsOnTour,1
strandhuysnerja,1
HermanOevermans,1
FotografieJordi,1
agrochemie,1
64alexz19,1
miekeroth,1
zonder_de_NAM,1
socialevraagst,1
ArtsRajah,1
AriePaap,1
harm_meek,1
mannenNETbe,1
TheMoneyBowl,1
EnecoBE,1
wouterverkennis,1
GroeneTransitie,1
TtBrinck,1
TheGrey45,1
Candela_foto,1
arjanbroer,1
ljwassink,1
DKoelega1,1
DjornNoordman,1
ArnhemsKlimaat,1
HenkJanEbbers,1
L1vR,1
Bernardvi,1
basdobbelstein,1
AtyBoers,1
martijnen,1
BetterPlaces_nl,1
DasDas77,1
LeQuWeet,1
nieuwemarlean,1
remivanbeekum,1
SikkemaHarry,1
Respect_4life,1
MarleenMeijers,1
robertvantuinen,1
RaaJudit,1
PVerbeek,1
yolandasikking,1
adamsguild,1
Bari1951,1
anthonynani,1
BeterNRE,1
TommNomNomNom,1
HoitinkJ,1
Raphque,1
EDenissen,1
Sailors4Sustain,1
Biozantium,1
mhpjansen,1
verroken,1
HansLak,1
masterprogram1,1
ArjanLucius,1
josthysams,1
Glipto,1
Calimer0c0mplex,1
merijndehaas,1
Klaashaasjes,1
JoostVerhagen,1
Unit_3947,1
DuurzaamGebouwd,1
wishgom,1
skywithnolimits,1
bretagnembvb,1
christophvde,1
marktwain2,1
RVO_Innovatie,1
erikerdbrink,1
EricCorton,1
RuudvdVelden010,1
troylo7,1
erikstrandstra,1
HoeveAckerdijk,1
hebawi,1
nmaccentaigu,1
fonsvanderplas,1
carbonfreeda,1
ORSbewoners,1
HylkevanderWal,1
marcelwubbolts,1
IwanBodde,1
ptr_hbrts69,1
